,ville_code_commune,duration_toulouse,distance_toulouse,base_duration_toulouse
0,09045,5796,104006,5605
1,09098,5818,91446,5676
2,09302,6938,121621,6814
3,09327,5291,87831,5174
4,09310,3786,62644,3595
5,09021,5266,80957,5089
6,09313,4791,80574,4724
7,09245,5141,78555,5004
8,09052,5292,88504,5210
9,09168,5726,94784,5609
10,09329,5125,85668,4993
11,09320,7000,116883,6889
12,09124,3920,65186,3714
13,09151,4483,73132,4287
14,09063,6366,103323,6263
15,09083,4398,71242,4202
16,09211,6860,118926,6669
17,09048,6191,102462,6124
18,09118,6743,99367,6525
19,09159,6666,118260,6434
20,09119,5530,105760,5311
21,09284,4928,81230,4769
22,09107,5412,87142,5338
23,09050,4844,75981,4652
24,09326,7124,117055,7021
25,09173,5191,78842,4872
26,09041,4049,86003,3902
27,09242,6507,101066,6441
28,09312,4330,70207,4084
29,09154,6149,92920,5902
30,09263,6221,119195,6114
31,09080,5542,92965,5426
32,09111,5764,110316,5516
33,09001,5457,77547,5247
34,09056,4409,66361,4204
35,09198,5055,81621,4826
36,09321,5941,104943,5769
37,09281,5803,95714,5686
38,09171,7248,119371,7151
39,09207,5193,90909,5065
40,09128,5103,102688,4892
41,09301,6451,120621,6187
42,09120,3861,75431,3772
43,09035,6354,116425,6136
44,09147,3078,48567,2931
45,09140,7872,134595,7636
46,09253,4683,69596,4560
47,09260,5305,79174,5238
48,09167,2982,51574,2807
49,09304,6176,93044,5939
50,09201,5389,104156,5173
51,09033,4693,87304,4629
52,09252,9907,157799,9855
53,09238,4833,76131,4698
54,09127,5237,77310,4998
55,09276,5098,77247,4984
56,09210,5285,94895,5113
57,09090,4932,82348,4657
58,09146,3809,60013,3670
59,09234,5374,91048,5228
60,09075,4525,72995,4351
61,09003,6527,106389,6432
62,09209,5425,105567,5201
63,09093,5512,96777,5322
64,09129,6064,117158,5958
65,09032,7465,129756,7253
66,09084,4281,70484,4087
67,09189,7689,137349,7404
68,09064,7127,116138,7028
69,09179,4954,82894,4796
70,09053,7192,126402,6970
71,09046,4196,79183,4115
72,09034,7057,126152,6791
73,09150,6017,98723,5946
74,09178,5917,96925,5849
75,09009,6218,92824,6003
76,09342,3617,59740,3411
77,09091,4729,95228,4593
78,09305,6475,104516,6448
79,09110,5722,108386,5512
80,09182,7245,131560,6973
81,09195,4715,78162,4457
82,09185,3791,57579,3676
83,09012,7266,118349,7167
84,09249,5922,103218,5712
85,09247,6158,114672,5968
86,09026,6328,117651,6067
87,09267,5941,114975,5829
88,09156,6511,112856,6325
89,09314,5167,82542,5055
90,09186,4227,70077,4032
91,09103,4737,80390,4503
92,09223,6516,120872,6244
93,09106,6480,104889,6386
94,09055,7087,127764,6806
95,09236,5451,97044,5279
96,09202,4941,80923,4686
97,09114,6087,112806,5893
98,09137,5327,88633,5203
99,09017,6557,120670,6273
100,09212,5696,90745,5480
101,09006,6119,108802,5965
102,09331,3882,60474,3670
103,09226,6366,113142,6170
104,09117,3944,60755,3808
105,09283,7230,127660,6996
106,09163,4376,73770,4192
107,09241,5643,103632,5458
108,09194,5576,91323,5490
109,09030,6626,118494,6486
110,09065,7587,129193,7382
111,09152,6196,109064,6046
112,09220,7773,134885,7542
113,09060,3893,61686,3669
114,09172,3784,62644,3595
115,09266,5839,90858,5728
116,09074,6321,104152,6256
117,09206,6547,113067,6341
118,09042,6032,91202,5744
119,09007,5946,91874,5776
120,09037,4330,82862,4250
121,09139,8221,145532,7830
122,09061,4746,76159,4596
123,09188,5952,104710,5776
124,09224,4510,74337,4250
125,09059,6784,124465,6507
126,09338,3801,64071,3602
127,09162,6873,117031,6748
128,09164,5679,111056,5456
129,09072,5103,85114,4970
130,09125,7132,113763,7040
131,09287,6635,113192,6509
132,09215,5923,104652,5704
133,09094,4054,75023,3973
134,09028,6460,113278,6271
135,09066,5844,95244,5701
136,09013,5302,90042,5155
137,09282,3619,53588,3408
138,09291,6777,122824,6520
139,09272,5232,93421,5053
140,09068,7113,105577,7037
141,09109,3464,55097,3318
142,09051,6530,104720,6463
143,09205,4731,75580,4656
144,09089,5830,96485,5744
145,09250,5962,98118,5867
146,09132,4522,70986,4323
147,09115,6588,101280,6566
148,09244,5014,79302,4900
149,09039,5890,95091,5790
150,09232,8377,140551,8175
151,09071,5773,85000,5516
152,09100,7247,131595,6972
153,09274,6001,97126,5908
154,09133,6119,108802,5965
155,09330,7248,119371,7151
156,09308,4912,99464,4702
157,09023,8069,134051,7827
158,09251,5941,98051,5873
159,09076,3324,51824,3180
160,09145,5014,78386,4907
161,09324,4981,83108,4830
162,09174,4983,84255,4823
163,09155,7064,118089,6893
164,09323,4829,76139,4690
165,09121,5451,97044,5279
166,09044,5516,82837,5240
167,09298,7840,134093,7604
168,09029,7241,134054,6916
169,09047,6878,110147,6778
170,09166,6308,106173,6133
171,09217,6118,108802,5965
172,09261,5339,103625,5118
173,09122,5292,88358,5146
174,09268,5071,101082,4849
175,09216,6165,91867,5921
176,09160,6266,102103,6192
177,09255,4264,63532,4072
178,09208,4935,99024,4790
179,09057,6825,127348,6552
180,09264,4837,81338,4658
181,09105,4128,69875,4026
182,09290,7040,127082,6774
183,09073,4991,83383,4768
184,09020,9836,160143,9545
185,09180,5359,84178,5288
186,09294,3953,66393,3757
187,09148,4191,87751,4030
188,09040,4381,69153,4179
189,09316,6146,99025,6066
190,09271,4467,75427,4283
191,09335,6440,119416,6155
192,09341,5229,84263,5150
193,09088,6750,114484,6633
194,09332,4830,73829,4638
195,09237,10269,162251,10217
196,09293,5869,96391,5730
197,09019,4257,70270,4021
198,09165,6748,108429,6660
199,09258,4802,79031,4618
200,09319,4251,63977,4061
201,09058,5594,100750,5415
202,09285,6487,121408,6204
203,09002,6233,101997,6146
204,09143,6182,112186,6032
205,09225,4605,68692,4379
206,09070,6275,112921,6079
207,09259,4780,74011,4632
208,09328,6457,113278,6271
209,09031,7246,119371,7151
210,09131,6663,119347,6421
211,09018,6188,114062,5966
212,09038,3808,64746,3703
213,09157,6312,103675,6279
214,09054,4171,80983,4023
215,09292,6699,100320,6486
216,09228,7584,131337,7378
217,09273,5598,92196,5450
218,09190,4717,77785,4480
219,09325,7465,130295,7257
220,09193,9598,157131,9322
221,09095,6287,115808,6043
222,09265,4840,74993,4654
223,09116,4556,78414,4377
224,09175,4698,73690,4509
225,09016,5851,104204,5680
226,09077,6106,108913,5955
227,09231,7381,134467,7126
228,09286,6807,120755,6680
229,09092,6160,107744,6023
230,09138,5879,96884,5745
231,09082,6054,96853,5855
232,09233,6302,96267,6272
233,09280,6172,108807,5979
234,09102,5345,86289,5236
235,09081,4731,74054,4544
236,09161,6489,105209,6409
237,09104,4956,83434,4788
238,09079,4176,68740,3977
239,09141,6492,122237,6379
240,09257,4226,73681,4124
241,09049,5956,96638,5837
242,09177,4881,83310,4711
243,09297,6490,118530,6236
244,09069,6792,124351,6685
245,09221,6240,109195,6082
246,09322,7377,133381,7079
247,09184,4849,80637,4626
248,09169,5916,92346,5852
249,09243,6632,104326,6543
250,09307,4615,95582,4371
251,09078,10019,160061,9942
252,09149,5887,108694,5687
253,09296,6024,109287,5820
254,09336,6416,112036,6206
255,09200,7150,116068,7081
256,09318,6790,120706,6551
257,09289,4877,99271,4654
258,09005,6730,122796,6468
259,09108,5877,92245,5661
260,09270,4157,71210,3970
261,09203,5798,87587,5514
262,09153,4784,74011,4632
263,09199,3874,60640,3669
264,09022,5017,79521,4910
265,09256,5026,76252,4893
266,09181,4952,74713,4894
267,09135,6890,121445,6765
268,09309,5037,80933,4934
269,09187,4614,95582,4371
270,09134,6904,115171,6779
271,09099,5500,92050,5343
272,09227,6156,100360,6082
273,09317,6851,124313,6582
274,09299,6204,117324,5943
275,09204,5523,89171,5264
276,09197,8372,140588,8182
277,09085,6025,114076,5768
278,09043,6709,108737,6659
279,09213,5941,98051,5873
280,09315,4403,70199,4203
281,09130,5651,92582,5504
282,09239,10235,162663,10183
283,09176,6789,120706,6551
284,09004,6780,118351,6563
285,09262,6440,103703,6370
286,09192,6589,112575,6448
287,09170,3117,48849,2973
288,09219,6221,119195,6114
289,09062,6327,118597,6041
290,09235,4380,90309,4219
291,09214,5678,108450,5445
292,09340,5242,82720,5163
293,09024,6588,114886,6399
294,09279,8633,135735,8501
295,09158,4876,79905,4697
296,09067,3932,60734,3798
297,09126,6039,102397,5887
298,09303,5812,101871,5632
299,09096,6365,113142,6170
300,09142,5800,95274,5682
301,09254,4698,73690,4509
302,09025,6307,119006,6014
303,09230,9875,160385,9596
304,09334,6469,117282,6326
305,09306,5634,102806,5442
306,09011,7278,128377,7033
307,09015,5524,100081,5345
308,09229,6812,110605,6743
309,09196,6459,97038,6235
310,09277,3373,49966,3229
311,09008,6208,115996,6021
312,09183,4303,89105,4158
313,09101,4705,76704,4473
314,09097,5931,92663,5685
315,09246,6037,98237,5800
316,09027,6066,117158,5958
317,09113,7278,129948,6984
318,09222,6957,119666,6833
319,09300,5953,99706,5857
320,09086,4621,95626,4378
321,09339,4277,68281,4030
322,09269,5715,93326,5565
323,09014,6364,118491,6076
324,09136,5968,106972,5811
325,09240,5634,102806,5442
326,09311,7584,131337,7378
327,09087,7145,125424,6923
328,09295,6448,113599,6303
329,09218,8199,136630,7968
330,09275,3117,48849,2973
331,09123,3903,65179,3797
332,11383,3756,52312,3725
333,11179,8991,125527,8773
334,11372,7230,96354,7064
335,11073,8845,121450,8605
336,11382,3947,54324,3920
337,11074,3175,42622,3134
338,11146,7924,108224,7569
339,11420,8129,110808,7954
340,11386,9722,142203,9554
341,11396,8369,114908,8235
342,11104,10251,161338,10048
343,11056,8437,114549,8314
344,11356,4403,64380,4387
345,11415,8109,111038,7934
346,11247,6537,93007,6468
347,11105,7509,102112,7288
348,11100,6302,102416,6259
349,11094,8796,121358,8668
350,11125,10954,162256,10824
351,11168,8853,122833,8606
352,11230,9155,141879,8932
353,11362,3383,45128,3342
354,11432,5996,80384,5792
355,11407,4832,68451,4794
356,11193,5746,79498,5563
357,11155,10083,137705,9900
358,11070,5388,79328,5234
359,11440,8991,125527,8773
360,11033,4287,69341,4208
361,11040,10161,143375,9882
362,11126,8979,127853,8641
363,11192,4394,64952,4378
364,11136,5406,78197,5339
365,11351,9551,137225,9191
366,11085,7344,99843,7130
367,11366,9633,139356,9313
368,11309,8530,116817,8297
369,11119,7309,119937,7180
370,11019,8953,146217,8885
371,11222,7761,99534,7628
372,11008,8166,109484,7960
373,11069,6917,95063,6671
374,11401,11362,171912,11274
375,11353,10156,147906,9882
376,11304,8209,136507,8100
377,11116,10704,157272,10506
378,11387,8914,124985,8685
379,11328,6608,91258,6432
380,11413,6868,90128,6675
381,11016,8526,121177,8255
382,11296,9491,137911,9174
383,11170,11581,170107,11443
384,11280,8910,127540,8746
385,11059,6056,82135,5862
386,11441,10894,159798,10670
387,11117,10110,150125,9972
388,11213,11037,156846,10839
389,11260,9977,137398,9914
390,11347,8827,144306,8759
391,11385,3685,50959,3641
392,11408,7807,105801,7637
393,11183,7922,107259,7765
394,11308,5953,79063,5765
395,11418,5422,72203,5338
396,11018,6402,88326,6215
397,11054,4672,65908,4635
398,11313,3867,53723,3840
399,11225,4218,56246,4110
400,11369,10277,150213,10043
401,11238,4038,54129,4002
402,11393,9351,132679,9036
403,11133,8484,115727,8376
404,11162,4947,71045,4879
405,11358,10395,152361,10336
406,11288,6321,87098,6105
407,11419,4801,79584,4767
408,11291,5482,79390,5416
409,11149,4587,66279,4523
410,11249,6830,113651,6781
411,11229,8541,137142,8434
412,11271,11147,159671,10959
413,11053,6380,89051,6199
414,11409,10529,141556,10500
415,11207,6780,112806,6686
416,11118,10838,149013,10783
417,11286,8221,114990,8079
418,11050,7810,130891,7688
419,11036,8414,139660,8328
420,11060,8984,148173,8866
421,11398,11523,171358,11461
422,11265,8676,138405,8472
423,11390,9591,137896,9269
424,11244,10852,163893,10704
425,11241,8726,124419,8353
426,11316,6886,114013,6806
427,11341,8550,141123,8475
428,11002,3777,52447,3747
429,11335,9734,156001,9561
430,11076,4252,60162,4225
431,11395,8697,115508,8602
432,11239,4140,57515,4069
433,11307,9907,143450,9602
434,11399,4041,54665,4010
435,11384,10635,147884,10490
436,11334,4034,55313,3959
437,11210,9435,138066,9079
438,11410,7324,100055,7012
439,11114,4238,57958,4206
440,11184,4871,80257,4861
441,11411,7618,100897,7492
442,11178,4019,52831,3905
443,11233,9881,144759,9609
444,11083,8923,126668,8703
445,11177,8349,140289,8251
446,11392,9447,138758,9262
447,11077,8955,124236,8666
448,11171,6103,101496,6025
449,11236,3922,64071,3836
450,11336,6909,113382,6840
451,11433,7904,107084,7741
452,11431,10856,160123,10718
453,11165,8080,133312,7973
454,11303,7367,121732,7317
455,11257,8024,110108,7704
456,11135,9455,148026,9289
457,11134,3657,59243,3563
458,11108,6097,84373,6027
459,11084,6337,88155,6147
460,11206,7290,102372,7154
461,11412,8585,118111,8456
462,11322,11095,165481,10991
463,11226,4478,62626,4390
464,11143,11063,166383,10958
465,11095,8488,116347,8138
466,11355,6789,95288,6622
467,11211,7464,102638,7288
468,11389,8483,116579,8287
469,11274,7016,98688,6866
470,11214,6989,98049,6838
471,11388,10059,137720,9998
472,11374,10480,141601,10451
473,11163,9902,159045,9696
474,11035,8484,139550,8387
475,11323,7791,106222,7612
476,11224,10651,146549,10596
477,11130,8243,135893,8169
478,11160,9087,142396,8983
479,11435,9869,145483,9729
480,11299,7607,103414,7414
481,11013,9452,134616,9136
482,11154,7989,102825,7879
483,11166,3819,50782,3766
484,11361,4384,64066,4347
485,11173,6123,89495,6060
486,11034,6162,104232,6135
487,11342,8371,117007,8243
488,11128,6270,103714,6212
489,11010,8452,116852,8212
490,11438,5623,78043,5468
491,11377,8657,120826,8404
492,11204,6315,103916,6259
493,11405,9835,143782,9572
494,11310,8758,122684,8514
495,11426,7562,102750,7363
496,11022,8811,127094,8633
497,11245,11159,158437,10970
498,11086,11449,176151,11277
499,11337,8538,121194,8158
500,11109,8585,117843,8356
501,11327,7026,96871,6869
502,11268,5666,84625,5603
503,11027,8058,109755,7692
504,11400,6100,100592,6029
505,11231,4043,55313,3959
506,11107,6760,109100,6682
507,11298,8130,113967,7816
508,11161,8106,111038,7934
509,11208,3893,63258,3808
510,11350,9064,126402,8825
511,11234,5061,66537,4977
512,11115,6743,88428,6558
513,11292,3808,53660,3748
514,11005,6670,91956,6485
515,11088,7288,99858,7069
516,11301,8672,120672,8342
517,11218,3539,57458,3445
518,11262,10478,151912,10195
519,11329,7792,127907,7689
520,11331,4627,64762,4562
521,11282,6166,102622,6084
522,11089,5081,73427,5042
523,11182,6453,84853,6260
524,11267,9705,137754,9372
525,11180,7776,108085,7569
526,11254,6132,81418,5983
527,11198,7993,108835,7834
528,11098,8903,127027,8527
529,11101,8062,135036,7949
530,11158,6853,95083,6648
531,11379,10911,163768,10749
532,11103,8411,115422,8168
533,11006,10420,153555,10175
534,11029,8204,113166,8046
535,11243,3833,47612,3737
536,11315,8318,115600,8182
537,11248,7806,107662,7473
538,11414,8744,125523,8495
539,11172,9051,128087,8707
540,11348,5482,79390,5416
541,11279,6910,92310,6626
542,11215,7424,101967,7121
543,11102,7028,97120,6802
544,11264,9838,142736,9512
545,11326,11098,153313,11004
546,11312,5279,76059,5213
547,11371,3889,51353,3813
548,11080,5948,98051,5873
549,11200,9585,123647,9465
550,11290,4728,77208,4651
551,11365,4411,60440,4337
552,11216,6610,92158,6437
553,11252,3596,48868,3555
554,11423,7960,108718,7802
555,11363,9588,137421,9404
556,11024,10774,158224,10529
557,11289,7362,102965,7227
558,11048,9813,144446,9540
559,11232,7862,100229,7729
560,11052,6475,85865,6283
561,11097,8255,113190,8100
562,11275,4385,59846,4321
563,11032,6418,91347,6349
564,11370,11443,165040,11246
565,11012,10118,146250,9849
566,11339,6178,80928,5965
567,11046,7872,122842,7771
568,11330,7891,108069,7633
569,11199,6838,94732,6665
570,11294,6520,106619,6432
571,11424,6931,114961,6882
572,11205,8074,105388,7965
573,11259,6332,85506,6138
574,11045,8047,109939,7884
575,11030,3763,50771,3710
576,11195,4932,66331,4848
577,11345,10688,159385,10524
578,11062,10019,157624,9972
579,11145,11540,166068,11346
580,11321,10887,166586,10647
581,11277,4668,67466,4572
582,11123,11663,183486,11647
583,11375,5924,96925,5849
584,11031,8350,136633,8281
585,11242,7374,97320,7294
586,11065,10065,140152,9889
587,11284,4026,58575,3969
588,11246,6105,102962,6075
589,11072,5202,74323,5137
590,11302,10417,158548,10289
591,11063,8257,137233,8169
592,11436,10383,152447,10153
593,11333,6677,110281,6596
594,11096,8778,145431,8622
595,11144,11721,180356,11572
596,11093,10228,157782,10181
597,11092,9077,118743,9019
598,11219,10268,157607,10148
599,11017,9274,150154,9155
600,11020,10006,136415,9943
601,11156,6635,87200,6451
602,11057,4727,68787,4631
603,11212,9738,139929,9452
604,11068,8319,114471,7949
605,11421,9670,141066,9327
606,11281,5107,69616,4953
607,11164,10021,142915,9759
608,11003,7135,118137,7006
609,11113,11498,184600,11359
610,11111,9872,139512,9564
611,11190,8736,123882,8543
612,11364,7853,106477,7679
613,11217,10198,148967,9978
614,11120,7462,102442,7288
615,11025,7494,101064,7289
616,11044,9143,126400,9037
617,11049,5564,76908,5409
618,11266,11426,169098,11333
619,11240,8413,115422,8168
620,11346,7573,124681,7463
621,11148,8953,127383,8598
622,11253,6161,87694,6063
623,11255,10061,145780,9735
624,11404,6372,87870,6166
625,11430,4573,60624,4489
626,11081,8102,111633,7941
627,11416,7679,103938,7491
628,11001,8218,112847,7981
629,11278,4491,63555,4404
630,11075,8242,111935,8109
631,11137,10021,147717,9862
632,11196,5033,72302,4969
633,11039,6924,114665,6828
634,11009,5941,80373,5730
635,11376,8186,112488,8031
636,11340,6076,82307,5879
637,11078,7567,119489,7450
638,11258,10381,150972,10161
639,11325,7550,105032,7335
640,11138,4848,63395,4764
641,11367,5317,74071,5134
642,11378,8618,122189,8357
643,11142,8479,112992,8342
644,11185,9060,130331,8843
645,11042,8445,116917,8093
646,11004,6536,88910,6365
647,11439,4814,69194,4776
648,11344,7897,110359,7719
649,11306,9496,146790,9450
650,11429,7095,96180,6788
651,11121,7048,98196,6894
652,11293,7550,105032,7335
653,11175,4025,58575,3969
654,11314,8718,123448,8465
655,11152,10005,146055,9727
656,11176,10038,145160,9757
657,11273,9676,141330,9387
658,11043,7408,101697,7103
659,11131,8935,121785,8699
660,11037,7445,100590,7146
661,11202,11740,179360,11614
662,11324,9567,137595,9210
663,11402,8924,121990,8808
664,11021,9050,147968,8933
665,11151,7732,105581,7389
666,11235,8716,119310,8587
667,11297,7593,107907,7378
668,11139,5792,85731,5730
669,11221,7499,103412,7390
670,11187,9740,133957,9655
671,11051,5970,100436,5930
672,11079,7116,91583,6947
673,11320,8127,136776,7918
674,11300,4041,54665,4010
675,11191,10106,140440,10027
676,11251,8488,119882,8217
677,11203,9261,131201,8886
678,11011,7048,93443,6876
679,11263,7576,126181,7452
680,11228,6078,102191,6048
681,11352,9075,150560,9020
682,11406,8099,111904,7876
683,11223,8666,115973,8570
684,11082,8660,120041,8532
685,11434,5205,76270,5051
686,11197,6607,92046,6411
687,11272,7549,102942,7351
688,11422,7265,100038,6943
689,11150,6358,83581,6166
690,11425,7320,99428,7106
691,11209,8225,111223,7997
692,11357,5634,79503,5462
693,11026,4006,50520,3910
694,11058,6268,86200,6080
695,11359,3682,49073,3610
696,11201,7444,102443,7238
697,11276,11692,175937,11644
698,11189,6599,88289,6535
699,11122,8432,116537,8067
700,11269,10162,150444,9888
701,11064,9033,129010,8816
702,11041,10180,146080,9944
703,11256,9921,142479,9651
704,11227,9776,133508,9629
705,11169,8385,113919,8265
706,11157,10754,160492,10589
707,11061,6347,87880,6163
708,11295,10484,156240,10285
709,11099,7209,98081,6977
710,11287,8815,122482,8565
711,11141,6250,89705,6068
712,11023,8142,111035,7892
713,11014,11078,161954,10883
714,11360,10098,147889,9857
715,11153,6059,79021,5892
716,11112,10353,144019,10211
717,11381,9068,126734,8840
718,11397,7519,102670,7221
719,11373,9769,157094,9608
720,11427,7149,115347,7060
721,11311,9317,133072,9119
722,11188,11261,170869,11094
723,11110,9767,142343,9468
724,11437,6294,85746,6097
725,11186,9044,125471,8929
726,11338,7548,118042,7462
727,11091,6748,110972,6698
728,11250,9579,131469,9492
729,11428,5435,79877,5259
730,11071,10692,158297,10513
731,11132,9171,130542,8821
732,11285,10902,162202,10754
733,11106,10952,159555,10712
734,11067,9657,139785,9313
735,11220,8230,112483,7892
736,11391,7633,98458,7500
737,11124,10469,154313,10271
738,11319,7505,104378,7290
739,11066,8709,145259,8544
740,11270,11705,178130,11664
741,11127,10399,164904,10295
742,11332,9965,144629,9696
743,11140,9173,130607,8825
744,11181,4160,58921,4110
745,11394,7802,105182,7626
746,11028,8010,128929,7922
747,11194,7435,98604,7309
748,11129,8608,118636,8359
749,11318,8736,122323,8376
750,11087,5135,73115,5068
751,11007,9795,137119,9527
752,11047,10389,163400,10137
753,11317,8686,143305,8612
754,11147,9273,151470,9226
755,11038,8982,147714,8918
756,11305,10920,163182,10776
757,11159,5129,74027,5034
758,11015,8988,126003,8712
759,11261,8573,120959,8199
760,11283,4323,59884,4245
761,11354,9687,142121,9529
762,11343,6963,94839,6921
763,11417,6907,95484,6756
764,11090,7218,101213,7062
765,11380,7364,117888,7296
766,11167,6114,102798,6084
767,11368,7680,108161,7492
768,11055,9470,131325,9264
769,11174,7988,102825,7879
770,12163,8503,156224,8344
771,12005,11240,222321,11015
772,12206,8102,167995,7974
773,12298,8494,177704,8336
774,12247,9539,199291,9347
775,12181,9415,165509,9285
776,12158,9007,157170,8932
777,12258,6869,127811,6822
778,12294,9127,190073,8965
779,12024,7742,159120,7552
780,12149,7792,145677,7745
781,12053,8261,148206,8187
782,12278,6868,126755,6821
783,12194,6149,134342,6004
784,12164,11904,231611,11890
785,12001,7877,166557,7677
786,12077,10885,194170,10743
787,12123,9404,198510,9233
788,12027,8857,183857,8689
789,12017,8388,154816,8375
790,12167,6960,118899,6763
791,12297,8206,169560,8015
792,12172,9849,198453,9574
793,12307,8791,165210,8778
794,12133,6865,147785,6705
795,12236,9214,191160,9053
796,12073,7578,158120,7370
797,12197,6326,123475,6302
798,12134,8491,173429,8363
799,12039,9223,168904,9004
800,12062,9206,182525,9193
801,12144,6548,133514,6450
802,12104,8983,160334,8834
803,12028,9832,189684,9712
804,12020,7901,166885,7710
805,12007,8946,158906,8871
806,12303,9228,191380,9023
807,12243,9399,170399,9181
808,12291,10045,201494,9904
809,12042,8268,154664,8222
810,12120,8606,181059,8426
811,12105,6881,117865,6655
812,12186,6934,127932,6755
813,12262,6182,130713,6038
814,12015,7539,144832,7489
815,12180,12132,231802,12093
816,12226,10629,210496,10604
817,12254,7751,165419,7556
818,12242,8182,146119,8075
819,12244,9377,178310,9362
820,12097,9704,196266,9614
821,12066,8185,173219,8027
822,12264,7704,161937,7473
823,12156,10043,200966,9804
824,12019,7028,129075,6865
825,12003,9094,183987,9014
826,12275,9777,177116,9573
827,12228,7886,147778,7839
828,12292,9627,170805,9439
829,12253,8395,159083,8382
830,12270,9872,202373,9703
831,12205,7404,127265,7296
832,12070,10004,206108,9835
833,12299,7664,144573,7650
834,12293,11965,216013,11927
835,12263,7700,138844,7606
836,12101,9968,192795,9809
837,12234,7587,158501,7412
838,12026,8390,176506,8196
839,12031,8199,167748,8083
840,12114,9723,197700,9658
841,12016,8860,183872,8701
842,12221,9130,185183,9021
843,12271,8603,182092,8411
844,12214,10387,204439,10130
845,12195,7852,144863,7600
846,12252,8770,158860,8643
847,12141,7560,137423,7464
848,12280,12657,249544,12573
849,12287,7244,130207,7239
850,12259,7189,124712,6947
851,12030,9561,189612,9497
852,12257,8907,160585,8753
853,12094,10071,200117,9992
854,12043,6814,144416,6636
855,12035,7190,134541,7119
856,12240,9884,201987,9818
857,12023,6302,118973,6244
858,12201,8128,170220,7971
859,12083,8764,175395,8698
860,12184,10082,204894,9904
861,12081,8852,185806,8659
862,12157,8166,173397,7979
863,12109,8826,159825,8659
864,12118,11319,221590,11306
865,12245,7589,128913,7383
866,12146,7441,156739,7238
867,12046,5794,125797,5642
868,12246,10231,196565,10145
869,12103,10309,206181,10043
870,12170,9107,163811,8952
871,12209,11254,217076,11239
872,12227,8483,153798,8357
873,12119,10219,206474,9978
874,12113,6408,139093,6244
875,12131,7779,165114,7556
876,12283,7873,163537,7701
877,12224,9738,199494,9547
878,12207,7230,139757,7157
879,12050,8274,173245,8083
880,12232,9704,173574,9484
881,12222,9704,173648,9522
882,12150,7058,121913,6903
883,12044,8608,157665,8406
884,12116,10866,212840,10656
885,12067,11002,195045,10796
886,12049,9099,186068,8990
887,12130,9715,188430,9589
888,12012,9134,184360,9052
889,12237,10173,210015,9998
890,12290,8290,172331,8157
891,12071,7906,163715,7699
892,12176,7481,159011,7268
893,12047,9919,205206,9711
894,12171,8677,181145,8594
895,12126,9503,197130,9339
896,12008,8146,168977,8016
897,12274,9073,164854,8917
898,12202,7173,154049,6963
899,12273,10191,205425,9987
900,12055,9576,199883,9384
901,12127,5946,125312,5850
902,12188,8290,172338,8091
903,12217,8234,147427,8196
904,12183,6750,123636,6605
905,12267,6578,130041,6544
906,12011,7732,147708,7716
907,12095,8536,173314,8427
908,12085,5484,113235,5386
909,12032,6616,140941,6453
910,12231,12411,224487,12181
911,12086,10325,210961,10178
912,12106,8595,180228,8442
913,12115,10644,190829,10508
914,12102,7225,152774,7020
915,12100,8924,185465,8708
916,12211,11601,210661,11563
917,12179,9005,164998,8854
918,12208,8805,159478,8550
919,12230,6221,122112,6197
920,12187,10256,203551,10049
921,12079,9085,185889,8877
922,12098,9277,189514,8984
923,12058,10957,215487,10746
924,12018,9206,162883,9131
925,12277,11784,229959,11769
926,12162,6626,143135,6464
927,12305,9176,183303,9031
928,12198,7306,145057,7220
929,12072,10094,181550,9956
930,12239,9356,194332,9161
931,12034,8651,154528,8528
932,12048,10588,208563,10559
933,12096,9073,184052,8837
934,12169,5830,125281,5682
935,12087,8954,185419,8783
936,12200,10325,210961,10178
937,12021,7913,163971,7701
938,12125,7163,132146,6957
939,12107,8918,189322,8738
940,12284,8326,154180,8280
941,12092,6872,134873,6847
942,12143,10014,181501,9895
943,12121,8358,173122,8228
944,12082,11526,206380,11446
945,12220,10243,184866,10091
946,12029,6817,117290,6604
947,12153,8919,169567,8905
948,12148,8534,173466,8401
949,12054,7635,148058,7550
950,12265,9206,185164,9098
951,12093,10294,203938,10253
952,12166,11684,219223,11672
953,12142,7833,156188,7691
954,12128,7249,123997,7061
955,12281,7915,142398,7814
956,12145,10345,188757,10306
957,12059,7367,153137,7159
958,12108,8714,178383,8632
959,12075,6995,133213,6974
960,12300,8493,138382,8410
961,12223,11697,229283,11544
962,12052,9718,191813,9654
963,12161,8591,178095,8468
964,12129,7734,143556,7721
965,12288,8133,171626,7929
966,12036,11886,230412,11871
967,12041,6057,128676,5912
968,12139,10335,183662,10284
969,12057,7414,142740,7317
970,12249,7781,144813,7569
971,12084,10290,183924,10043
972,12111,8401,170946,8285
973,12137,6765,141492,6596
974,12212,9995,181157,9816
975,12225,9772,176779,9541
976,12266,8526,180958,8311
977,12192,8550,153066,8333
978,12248,7002,129169,6771
979,12193,8957,185579,8874
980,12203,9498,170917,9292
981,12014,10730,209342,10653
982,12154,8092,148800,7872
983,12155,10164,183746,9992
984,12250,10932,217244,10758
985,12185,8126,166892,7935
986,12279,11101,220302,10894
987,12204,11318,204449,11279
988,12069,8564,179166,8439
989,12088,10252,205274,10026
990,12002,9935,205501,9762
991,12229,9382,168376,9121
992,12152,6446,122476,6320
993,12089,9164,183081,9023
994,12110,9928,195642,9838
995,12215,8411,176277,8194
996,12272,9457,167471,9325
997,12040,9372,195960,9200
998,12013,9057,181546,8943
999,12135,7139,122674,6944
1000,12175,8498,152119,8423
1001,12065,6483,132359,6389
1002,12022,9726,176872,9528
1003,12269,7424,135985,7184
1004,12304,11185,223365,10936
1005,12173,9165,188338,9082
1006,12241,7773,161578,7574
1007,12295,10219,181377,10084
1008,12261,8721,155920,8647
1009,12268,9607,195718,9540
1010,12191,8333,172558,8203
1011,12165,8218,172545,8060
1012,12178,9935,205501,9762
1013,12177,8576,181271,8385
1014,12159,7882,134640,7670
1015,12045,6328,135031,6183
1016,12199,7882,162188,7721
1017,12112,11450,224945,11295
1018,12090,7613,161952,7404
1019,12151,11173,216545,11158
1020,12068,7207,149746,7011
1021,12076,9411,192139,9343
1022,12064,9678,194742,9440
1023,12256,8623,131858,8451
1024,12276,5587,118502,5439
1025,12301,8273,149754,8143
1026,12189,7164,131262,7120
1027,12190,7768,162050,7556
1028,12004,10159,196012,10038
1029,12056,6300,136484,6137
1030,12037,7766,144938,7719
1031,12285,7429,127603,7249
1032,12140,7722,137643,7649
1033,12160,10694,215859,10480
1034,12296,9215,173184,9201
1035,12282,9551,172012,9319
1036,12260,11572,215514,11299
1037,12286,8486,154679,8275
1038,12168,11529,204418,11274
1039,12006,7722,147558,7671
1040,12025,8116,148638,7874
1041,12235,5755,123593,5608
1042,12138,8057,171455,7928
1043,12213,8973,171144,8958
1044,12233,7854,141877,7628
1045,12063,10512,187967,10342
1046,12061,10229,197879,10021
1047,12136,8488,152022,8363
1048,12289,8713,175870,8624
1049,12099,9060,165725,8838
1050,12038,7071,134970,7016
1051,12251,8909,163546,8896
1052,12074,10459,206098,10206
1053,12147,9644,172430,9545
1054,12060,6845,125145,6798
1055,12080,6786,127003,6719
1056,12255,7781,147171,7683
1057,12196,9285,193648,9106
1058,12091,8779,159029,8653
1059,12210,6545,113481,6344
1060,12010,8338,177436,8132
1061,12117,10861,217913,10602
1062,12182,9326,193061,9122
1063,12216,9377,188181,9108
1064,12218,8931,183954,8848
1065,12033,8339,175082,8179
1066,12174,7200,153500,6995
1067,12124,9651,193277,9497
1068,12122,10036,181642,9881
1069,12051,12092,236523,11982
1070,12009,9642,172234,9479
1071,12219,9644,195649,9489
1072,12238,9362,191517,9204
1073,12078,8628,159340,8582
1074,31307,4265,80392,4125
1075,31188,1636,27542,1604
1076,31012,4941,101036,4882
1077,31305,5822,106719,5717
1078,31123,8427,149159,8181
1079,31470,8219,147012,7960
1080,31219,2965,59320,2871
1081,31418,1432,11068,1406
1082,31030,3863,74041,3771
1083,31540,2517,29381,2477
1084,31551,2264,25354,2224
1085,31541,1362,17208,1306
1086,31458,1226,17554,1206
1087,31087,2627,45160,2590
1088,31078,5594,100870,5415
1089,31176,6533,125608,6384
1090,31346,3089,39795,2952
1091,31243,2994,38932,2954
1092,31523,3469,78459,3357
1093,31550,4349,92598,4252
1094,31056,1136,13904,1085
1095,31535,5338,107726,5302
1096,31432,8384,150642,8111
1097,31228,2048,23929,1945
1098,31258,2733,48619,2650
1099,31296,3539,79548,3410
1100,31483,4849,96600,4664
1101,31259,1285,13441,1249
1102,31298,6711,130815,6519
1103,31578,1612,14891,1578
1104,31135,2801,60140,2701
1105,31166,2097,40072,2060
1106,31159,5830,107004,5728
1107,31181,1864,32945,1789
1108,31491,3324,45443,3281
1109,31460,1343,21130,1292
1110,31264,2625,40186,2475
1111,31501,2087,26058,2032
1112,31301,4518,84675,4441
1113,31291,1227,17936,1197
1114,31544,4867,100173,4804
1115,31149,942,9858,913
1116,31112,4185,86077,4056
1117,31409,1732,18099,1698
1118,31190,7508,134294,7282
1119,31178,3907,73941,3826
1120,31436,3310,62620,3218
1121,31139,6464,126559,6303
1122,31195,4600,93264,4449
1123,31108,5114,99904,4932
1124,31349,3018,66641,2908
1125,31354,3168,51149,3073
1126,31045,5585,111304,5557
1127,31383,2561,28829,2527
1128,31183,3651,81704,3539
1129,31360,9416,152569,9325
1130,31381,2249,26632,2190
1131,31395,1651,23582,1629
1132,31552,3658,73341,3558
1133,31374,2635,32263,2582
1134,31160,1997,25153,1898
1135,31311,2850,33246,2814
1136,31095,5112,103367,5063
1137,31499,2308,28365,2273
1138,31029,2014,21471,1974
1139,31575,1217,11182,1183
1140,31446,1089,7218,1036
1141,31333,3385,64755,3285
1142,31419,3425,52041,3365
1143,31405,6228,118932,6153
1144,31493,4768,93639,4567
1145,31008,3895,70838,3777
1146,31345,2217,35048,2072
1147,31127,8798,151738,8614
1148,31196,3547,73152,3446
1149,31031,5768,113030,5692
1150,31084,3079,68929,2968
1151,31531,5450,98349,5264
1152,31206,3191,50470,3046
1153,31237,3974,84039,3843
1154,31077,3680,43017,3625
1155,31579,2016,23050,1978
1156,31338,1902,27747,1869
1157,31503,3674,79779,3551
1158,31339,1905,32591,1871
1159,31590,7179,129544,6966
1160,31009,5967,115566,5890
1161,31230,1845,16356,1764
1162,31213,8665,151929,8437
1163,31153,3120,63140,3018
1164,31179,2984,36464,2833
1165,31150,1075,13215,1029
1166,31556,5999,115402,5932
1167,31340,1292,11860,1257
1168,31537,4329,90902,4148
1169,31560,2872,35295,2759
1170,31463,3492,47629,3436
1171,31215,1884,18198,1859
1172,31137,2872,35295,2759
1173,31234,2709,36933,2540
1174,31194,2586,30742,2559
1175,31438,1980,28477,1940
1176,31574,1597,26355,1508
1177,31182,1309,12711,1286
1178,31466,1927,30308,1895
1179,31332,2717,42219,2601
1180,31004,2427,29059,2372
1181,31113,1496,12104,1438
1182,31330,2624,40995,2479
1183,31397,4227,78408,4092
1184,31359,3318,63279,3227
1185,31557,886,10504,853
1186,31479,4303,79840,4168
1187,31525,2953,51565,2821
1188,31476,2637,52899,2543
1189,31256,2070,32589,1981
1190,31145,2917,45783,2819
1191,31454,2879,43834,2821
1192,31522,4485,75267,4442
1193,31106,2682,31113,2640
1194,31252,2029,20692,1996
1195,31262,3405,44797,3346
1196,31279,3601,61455,3515
1197,31306,6036,116990,5958
1198,31492,2901,57275,2807
1199,31021,5055,103090,5006
1200,31023,4296,87065,4150
1201,31367,3599,75794,3484
1202,31484,1410,16520,1372
1203,31376,4002,84256,3892
1204,31041,6210,120137,6075
1205,31304,2703,32033,2554
1206,31511,2156,22164,2132
1207,31185,3603,46050,3563
1208,31433,1063,11207,1028
1209,31299,2277,33595,2217
1210,31384,1844,21178,1796
1211,31456,3845,73171,3763
1212,31437,2110,27474,2074
1213,31107,2516,46104,2422
1214,31201,3363,63748,3263
1215,31081,9674,157479,9544
1216,31474,3646,62783,3514
1217,31116,1688,14647,1640
1218,31174,4355,92721,4261
1219,31171,1858,29891,1789
1220,31455,3001,52415,2862
1221,31394,7492,138415,7248
1222,31208,4104,87974,4008
1223,31227,1555,16023,1519
1224,31167,4731,98788,4657
1225,31286,2682,55162,2588
1226,31255,5849,113646,5701
1227,31303,2424,40745,2347
1228,31509,6035,116990,5958
1229,31517,2579,38981,2448
1230,31089,1959,25553,1831
1231,31357,4247,89849,4153
1232,31526,1185,18475,1155
1233,31469,3622,67346,3533
1234,31006,2865,33891,2821
1235,31532,5279,102090,5109
1236,31048,2315,28634,2230
1237,31260,3703,76712,3584
1238,31582,3225,39095,3137
1239,31351,1507,19783,1425
1240,31343,3425,63302,3297
1241,31038,2516,33133,2461
1242,31007,3878,72730,3798
1243,31061,2178,32504,2145
1244,31261,2515,49134,2427
1245,31249,2403,28530,2309
1246,31246,4091,87193,3929
1247,31292,3258,65353,3160
1248,31585,5303,102208,5208
1249,31158,6024,115988,5931
1250,31390,5731,113314,5655
1251,31401,2334,30720,2299
1252,31140,4423,91294,4327
1253,31312,3210,56636,3079
1254,31241,4838,99174,4778
1255,31355,1550,13468,1510
1256,31584,3402,38841,3365
1257,31457,3281,70622,3169
1258,31156,3171,44542,2967
1259,31274,5008,97673,4834
1260,31079,2551,24800,2421
1261,31316,6723,129790,6561
1262,31507,1904,24934,1779
1263,31417,1217,14565,1185
1264,31057,1937,20969,1889
1265,31069,883,6051,832
1266,31060,3150,42398,3094
1267,31098,2858,42145,2825
1268,31058,2142,27373,2105
1269,31199,6295,120146,6196
1270,31066,2823,36065,2689
1271,31124,3969,84903,3859
1272,31421,1325,20808,1300
1273,31505,3460,67371,3359
1274,31275,2876,43409,2843
1275,31478,3193,43888,3138
1276,31350,4729,87065,4591
1277,31287,2103,35097,2027
1278,31555,0,0,0
1279,31453,3393,43240,3348
1280,31203,1615,22404,1587
1281,31380,2889,44297,2852
1282,31086,3692,78540,3573
1283,31377,2909,35782,2834
1284,31300,4636,92718,4499
1285,31593,3812,71307,3725
1286,31524,7433,137450,7186
1287,31239,3772,69055,3644
1288,31581,2981,33872,2946
1289,31464,2777,47101,2740
1290,31082,2591,28250,2455
1291,31566,3278,41758,3227
1292,31161,1933,16857,1850
1293,31423,3134,48027,3063
1294,31583,2863,33043,2830
1295,31538,2969,47436,2911
1296,31587,2334,22987,2208
1297,31053,2330,45270,2285
1298,31105,2379,28655,2337
1299,31136,2296,20758,2157
1300,31373,4303,78121,4200
1301,31035,1331,10464,1274
1302,31054,3429,45171,3363
1303,31361,1944,37799,1863
1304,31502,4605,92150,4468
1305,31033,2553,37546,2421
1306,31319,3501,54411,3354
1307,31070,4716,88070,4575
1308,31406,3284,63637,3188
1309,31005,3486,75093,3362
1310,31513,5688,103652,5570
1311,31103,3802,53383,3598
1312,31110,3808,77255,3654
1313,31014,5886,111521,5838
1314,31471,6711,130815,6519
1315,31277,1863,27678,1831
1316,31092,7350,131564,7134
1317,31271,2366,23705,2324
1318,31573,2400,22719,2329
1319,31130,5754,102833,5553
1320,31567,1903,18508,1876
1321,31447,5061,102243,5002
1322,31341,1667,21772,1567
1323,31562,4545,92114,4413
1324,31356,1998,25153,1898
1325,31115,3989,74569,3911
1326,31512,1964,17419,1870
1327,31500,7859,142662,7614
1328,31151,1722,21310,1686
1329,31352,1645,13243,1618
1330,31051,2632,46321,2576
1331,31169,1743,18848,1693
1332,31565,4868,99920,4814
1333,31289,5968,109700,5876
1334,31046,7314,134321,7087
1335,31236,5067,98776,5012
1336,31223,3780,71294,3690
1337,31067,7121,128709,6861
1338,31083,3888,80749,3743
1339,31120,2101,30757,2070
1340,31026,3215,38477,3173
1341,31244,7840,141849,7628
1342,31547,1607,22685,1580
1343,31378,4674,93519,4455
1344,31284,1731,15095,1707
1345,31220,3546,55685,3451
1346,31529,3609,74660,3514
1347,31448,1785,17221,1751
1348,31302,5113,100047,5023
1349,31263,1839,28116,1762
1350,31141,4807,84323,4629
1351,31589,2536,30856,2472
1352,31121,4752,80120,4719
1353,31477,3931,81767,3786
1354,31515,2557,28502,2429
1355,31577,2405,37822,2375
1356,31128,2759,43844,2614
1357,31442,2542,38866,2397
1358,31441,2588,29620,2449
1359,31508,8443,148933,8206
1360,31032,1486,17896,1440
1361,31485,2750,34350,2586
1362,31238,5554,109691,5444
1363,31344,4673,96757,4593
1364,31225,3291,57074,3160
1365,31486,2183,33903,2114
1366,31588,1423,21129,1394
1367,31444,2855,40684,2658
1368,31090,3229,60872,3186
1369,31572,1881,28136,1792
1370,31074,2236,27350,2134
1371,31430,5875,114580,5779
1372,31488,1319,15558,1283
1373,31510,4842,89818,4690
1374,31440,3874,83673,3769
1375,31308,6112,118179,5963
1376,31497,1714,19200,1676
1377,31426,5435,107752,5357
1378,31163,1783,15678,1689
1379,31155,4333,90398,4244
1380,31022,1139,10544,1115
1381,31539,5822,106719,5717
1382,31100,3392,52303,3276
1383,31224,5669,111315,5545
1384,31548,6728,130970,6555
1385,31412,4356,82096,4215
1386,31216,2421,28086,2304
1387,31037,3589,44376,3476
1388,31096,3372,48524,3163
1389,31416,2531,49408,2443
1390,31364,1831,18073,1798
1391,31253,1899,29014,1841
1392,31368,3217,41873,3151
1393,31516,2161,21891,2079
1394,31561,1300,14763,1266
1395,31402,2029,23904,1971
1396,31389,1527,12107,1455
1397,31431,5727,112038,5656
1398,31558,2640,32119,2598
1399,31164,2767,36474,2597
1400,31490,1838,17751,1766
1401,31118,2342,24294,2240
1402,31310,3164,40865,3108
1403,31549,7838,141849,7628
1404,31506,1555,11210,1534
1405,31010,7434,137450,7186
1406,31559,7792,143551,7536
1407,31568,2497,30301,2384
1408,31187,1909,27927,1880
1409,31327,3401,68534,3281
1410,31254,1413,15655,1365
1411,31267,4068,68961,3913
1412,31518,2186,39698,2151
1413,31276,5345,99103,5222
1414,31459,2566,32981,2444
1415,31205,1349,17553,1292
1416,31099,3517,47295,3459
1417,31429,1735,14644,1670
1418,31322,3641,65464,3515
1419,31162,2186,19360,2076
1420,31414,3835,77652,3749
1421,31553,2156,32278,2124
1422,31315,3729,81586,3614
1423,31192,2037,23780,1988
1424,31295,5096,98829,4921
1425,31065,2533,41830,2455
1426,31435,2528,37673,2467
1427,31331,2177,24802,2135
1428,31047,3239,57956,3108
1429,31018,3864,82002,3770
1430,31138,4870,95544,4685
1431,31157,1259,17455,1239
1432,31114,4261,88538,4162
1433,31329,2860,35740,2818
1434,31268,4932,97277,4832
1435,31325,2660,30910,2552
1436,31452,4673,96757,4593
1437,31080,4593,85752,4451
1438,31278,4514,90291,4375
1439,31210,2983,38261,2928
1440,31148,1948,29097,1859
1441,31001,3717,68916,3619
1442,31439,2151,25520,2102
1443,31382,2882,48943,2846
1444,31200,6226,118932,6153
1445,31189,3100,51728,3064
1446,31168,3766,78446,3671
1447,31403,2264,28747,2127
1448,31321,4047,79820,3905
1449,31400,3631,49280,3589
1450,31504,4173,88577,4027
1451,31097,3460,43738,3307
1452,31251,3741,70895,3652
1453,31024,2262,35089,2172
1454,31314,3343,72548,3223
1455,31152,3634,69708,3536
1456,31288,3134,36183,3096
1457,31482,3937,73889,3856
1458,31101,2500,35079,2442
1459,31396,2767,38195,2730
1460,31085,7048,130767,6751
1461,31564,5992,115551,5853
1462,31545,4086,87668,3984
1463,31428,3623,68696,3534
1464,31335,8433,148933,8206
1465,31280,3210,56636,3079
1466,31172,4178,85294,4099
1467,31443,3935,73568,3795
1468,31088,1297,17925,1269
1469,31175,4570,93911,4394
1470,31372,3946,85689,3854
1471,31055,2758,35119,2716
1472,31050,3958,85644,3867
1473,31204,3452,71276,3357
1474,31043,5504,99355,5312
1475,31386,3700,78846,3576
1476,31473,2703,33637,2576
1477,31039,3865,77027,3779
1478,31353,3440,50808,3380
1479,31542,5797,113078,5682
1480,31173,2934,45935,2789
1481,31527,2945,35682,2901
1482,31309,3680,69626,3591
1483,31546,3021,41256,2968
1484,31514,2799,34502,2726
1485,31411,1292,11860,1257
1486,31489,2285,28037,2227
1487,31272,3717,61418,3637
1488,31133,8429,149159,8181
1489,31044,1122,6790,1095
1490,31013,5333,105552,5302
1491,31480,1986,17445,1944
1492,31104,2108,40251,2030
1493,31283,3347,50049,3290
1494,31285,1803,16534,1776
1495,31465,8331,147772,8071
1496,31020,4423,94594,4336
1497,31109,4379,87896,4182
1498,31071,2928,57099,2842
1499,31371,3736,50174,3701
1500,31072,3697,68084,3549
1501,31313,5742,112542,5720
1502,31266,3078,47871,3021
1503,31468,3983,81865,3903
1504,31226,3388,64684,3300
1505,31229,2750,53885,2666
1506,31198,3372,73163,3246
1507,31363,4455,79490,4275
1508,31422,3597,70114,3505
1509,31337,7697,137614,7456
1510,31362,3669,71078,3576
1511,31404,8385,150642,8111
1512,31379,2671,47362,2593
1513,31336,3442,79575,3347
1514,31467,1743,15584,1691
1515,31076,5421,106414,5377
1516,31282,1290,12677,1257
1517,31461,4267,89442,4180
1518,31424,1342,14800,1308
1519,31536,5103,98376,5011
1520,31281,2488,32460,2358
1521,31034,3781,78936,3669
1522,31197,5955,109158,5868
1523,31415,4130,83964,3991
1524,31049,2094,23806,2052
1525,31392,2585,31414,2459
1526,31142,7260,134723,7017
1527,31269,1956,29996,1900
1528,31462,1421,16616,1380
1529,31245,5039,103418,4968
1530,31132,7278,134081,7048
1531,31580,1468,21999,1443
1532,31125,8666,151929,8437
1533,31591,4111,81515,3972
1534,31063,3772,76595,3681
1535,31326,3621,51905,3399
1536,31399,1940,37799,1863
1537,31003,1740,15817,1698
1538,31212,2061,24241,1940
1539,31146,8993,152874,8842
1540,31410,1623,17261,1587
1541,31569,3792,53812,3726
1542,31273,1858,20348,1814
1543,31445,1206,8703,1166
1544,31131,5208,105614,5141
1545,31027,2436,38233,2293
1546,31170,4557,81787,4377
1547,31233,1945,31242,1810
1548,31134,4032,81728,3910
1549,31576,2857,35375,2805
1550,31385,5327,95990,5205
1551,31451,3945,54087,3904
1552,31119,3380,64079,3295
1553,31534,2478,26364,2348
1554,31036,1731,15095,1707
1555,31091,1969,18296,1883
1556,31207,6208,120137,6075
1557,31247,5131,103508,5063
1558,31111,3621,51905,3399
1559,31592,2351,31280,2211
1560,31248,1615,24823,1548
1561,31094,2879,35332,2757
1562,31324,3156,66054,3042
1563,31191,4884,96796,4826
1564,31040,6893,133575,6719
1565,31554,3934,84002,3832
1566,31102,2649,33279,2607
1567,31407,2061,24241,1940
1568,31521,4432,90338,4302
1569,31059,3944,79428,3804
1570,31293,1680,16749,1605
1571,31297,1713,25419,1685
1572,31348,5404,108386,5346
1573,31318,3482,75093,3362
1574,31528,4739,94003,4542
1575,31323,5125,104289,5045
1576,31391,3260,76513,3163
1577,31042,7858,142662,7614
1578,31366,1934,24700,1898
1579,31129,8197,146726,7938
1580,31434,8485,150787,8248
1581,31143,5415,107657,5328
1582,31015,7063,130084,6802
1583,31294,4587,96146,4506
1584,31242,8449,151531,8204
1585,31342,4976,100139,4929
1586,31017,7011,129492,6741
1587,31064,8140,146539,7881
1588,31520,3570,65077,3484
1589,31019,8327,145614,8121
1590,31222,7753,139754,7540
1591,31221,8439,152057,8114
1592,31235,6958,130242,6699
1593,31068,9022,154503,8853
1594,31425,3375,67361,3281
1595,31370,3406,70414,3315
1596,31147,5512,109582,5452
1597,31481,2190,34311,2140
1598,31365,4182,69357,4068
1599,31062,3076,41407,2946
1600,31475,2098,32450,2042
1601,31398,5166,94357,5001
1602,31393,3389,43621,3347
1603,31052,2288,34486,2181
1604,31177,7072,128489,6812
1605,31494,4199,75366,4096
1606,31211,1825,17586,1791
1607,31543,3811,68153,3734
1608,31334,1991,35645,1917
1609,31250,2967,56669,2882
1610,31472,5988,115623,5842
1611,31408,5141,104686,5103
1612,31193,3122,58397,3038
1613,31387,3264,68077,3173
1614,31375,3462,57663,3260
1615,31093,2837,38417,2707
1616,31498,5142,94542,5005
1617,31028,3780,78982,3629
1618,31011,4625,93787,4536
1619,31369,6179,118298,6109
1620,31449,5205,103859,5171
1621,31180,3194,42800,3149
1622,31563,2256,24240,2220
1623,31413,2436,36257,2394
1624,31232,2139,26762,2011
1625,31073,2997,35533,2956
1626,31202,3095,34054,2974
1627,31126,2556,38302,2525
1628,31496,2263,44374,2220
1629,31358,2194,26107,2077
1630,31265,3088,42873,2958
1631,31570,3035,39632,2991
1632,31450,3262,41983,3196
1633,31420,1124,17234,1102
1634,31218,5053,93202,4915
1635,31144,6750,129212,6594
1636,31317,2890,54993,2806
1637,31290,7314,134321,7087
1638,31571,2615,30430,2465
1639,31533,1543,23007,1486
1640,31487,5130,100988,5033
1641,31270,4512,94089,4353
1642,31217,5941,114150,5925
1643,31586,5939,108793,5853
1644,31519,3070,38983,3025
1645,31186,1290,12677,1257
1646,31165,2113,30182,2036
1647,31388,2284,29027,2225
1648,31025,1580,17494,1544
1649,31427,4097,89392,4009
1650,31328,2703,32671,2606
1651,31320,2346,43122,2268
1652,31347,3700,68787,3549
1653,31209,2423,36276,2392
1654,31184,1542,13473,1502
1655,31117,1549,18218,1492
1656,31075,1658,32507,1624
1657,31122,3449,65008,3367
1658,31002,3216,48172,3103
1659,31231,2670,41812,2528
1660,31530,3219,66962,3124
1661,31495,2363,31861,2326
1662,31240,2117,32794,2031
1663,32280,4979,93078,4851
1664,32354,6756,132036,6653
1665,32442,5784,101182,5710
1666,32345,6341,110793,6267
1667,32017,8607,166573,8532
1668,32271,8046,153240,7867
1669,32447,3329,62839,3243
1670,32149,6468,122196,6385
1671,32409,5544,100701,5486
1672,32048,4404,80222,4347
1673,32292,6266,118599,6118
1674,32343,5379,107299,5271
1675,32052,5422,109518,5316
1676,32180,6677,126715,6589
1677,32115,6037,116797,5907
1678,32119,6697,127584,6555
1679,32033,5467,109403,5364
1680,32075,6022,115596,5876
1681,32118,4492,82473,4435
1682,32263,5239,95846,5196
1683,32104,5007,93276,4959
1684,32443,7115,138450,7020
1685,32250,4457,82408,4400
1686,32218,6887,135081,6788
1687,32112,3792,71383,3671
1688,32059,4946,99420,4812
1689,32379,2536,49736,2492
1690,32062,6735,131265,6628
1691,32320,5292,82537,5216
1692,32072,6123,116307,5963
1693,32203,6662,127669,6586
1694,32376,3908,73314,3874
1695,32254,4951,91723,4825
1696,32412,3405,65384,3323
1697,32377,2991,57441,2947
1698,32023,4058,77270,4039
1699,32065,4736,95939,4628
1700,32042,5833,106013,5743
1701,32109,6909,129263,6786
1702,32431,4264,79261,4193
1703,32463,8225,154015,8141
1704,32186,4130,76610,4073
1705,32240,6270,119444,6075
1706,32425,1994,34234,1959
1707,32067,5077,92957,5028
1708,32152,7367,128797,7136
1709,32087,7958,152354,7784
1710,32213,2870,53618,2800
1711,32294,5640,108558,5549
1712,32407,3359,62408,3233
1713,32214,7143,137716,7049
1714,32007,2736,53707,2691
1715,32009,6448,122672,6313
1716,32177,5459,99492,5428
1717,32172,5105,93174,4987
1718,32327,4663,87786,4603
1719,32205,6336,121084,6159
1720,32388,2915,56057,2837
1721,32361,5230,95692,5186
1722,32136,7477,143469,7385
1723,32197,6610,125084,6497
1724,32004,8088,150194,7899
1725,32248,4806,74425,4632
1726,32416,3269,61983,3226
1727,32066,4434,83833,4415
1728,32392,3568,65519,3442
1729,32131,5359,82891,5346
1730,32154,3988,63219,3979
1731,32145,8355,159970,8269
1732,32355,6234,113205,6220
1733,32312,4251,78585,4128
1734,32225,7340,129028,7109
1735,32188,5492,99050,5483
1736,32303,6363,120326,6207
1737,32001,6579,128615,6473
1738,32324,5819,106422,5807
1739,32298,3625,69591,3505
1740,32276,3192,59882,3066
1741,32315,6418,120806,6272
1742,32233,6686,126481,6516
1743,32410,2660,51706,2592
1744,32304,5284,95590,5239
1745,32216,4930,89582,4842
1746,32375,5550,101746,5520
1747,32306,5184,92475,5174
1748,32301,4411,87201,4304
1749,32328,6352,113198,6202
1750,32232,3975,74315,3941
1751,32336,3022,58388,2924
1752,32223,4732,84379,4703
1753,32084,4606,70687,4411
1754,32158,5176,79462,5064
1755,32457,4626,84008,4552
1756,32251,4781,95370,4660
1757,32291,8002,147475,7765
1758,32421,2783,52432,2701
1759,32434,7154,137709,7060
1760,32079,7721,143257,7588
1761,32244,7800,147314,7651
1762,32440,7327,140447,7236
1763,32077,5997,113193,5835
1764,32032,5899,113529,5732
1765,32054,4485,91320,4377
1766,32231,5368,105203,5257
1767,32247,2581,50856,2522
1768,32261,2708,53373,2625
1769,32321,3225,60580,3099
1770,32398,8190,158643,8078
1771,32316,4452,87693,4320
1772,32367,6086,116699,5926
1773,32063,6979,135363,6881
1774,32184,4493,82461,4474
1775,32160,1908,35976,1861
1776,32451,3633,67554,3486
1777,32105,2168,40771,2121
1778,32417,5623,100795,5614
1779,32183,3641,71175,3526
1780,32363,6275,113742,6262
1781,32153,4195,76962,4132
1782,32108,8481,162997,8406
1783,32039,7567,131212,7335
1784,32423,6494,125008,6394
1785,32289,3240,63072,3143
1786,32462,5367,105203,5257
1787,32226,6331,115683,6303
1788,32050,7184,126578,6952
1789,32086,6768,119998,6744
1790,32384,4226,86517,4106
1791,32027,8327,154657,8147
1792,32406,3589,66678,3457
1793,32313,4041,60968,3819
1794,32164,6788,128435,6662
1795,32187,5323,98692,5206
1796,32326,5827,112060,5665
1797,32040,3172,60621,3091
1798,32029,4701,94115,4573
1799,32302,4645,86410,4581
1800,32018,3050,57645,2975
1801,32078,4705,87213,4676
1802,32215,5095,95315,4974
1803,32260,4177,78302,4045
1804,32404,6114,107025,6042
1805,32146,6007,98494,5898
1806,32325,7217,139470,7124
1807,32466,5545,101591,5518
1808,32102,5221,104525,5093
1809,32069,3372,63567,3247
1810,32095,6422,113155,6337
1811,32368,4168,79052,4079
1812,32209,7893,148806,7703
1813,32175,7210,135344,7092
1814,32454,4287,78478,4230
1815,32168,7374,140210,7201
1816,32426,4588,87552,4523
1817,32071,5120,99258,5018
1818,32096,7492,145527,7359
1819,32428,3697,69326,3616
1820,32322,2498,48647,2436
1821,32441,3968,74315,3941
1822,32043,5653,111648,5526
1823,32351,5871,116096,5779
1824,32337,4879,90466,4707
1825,32025,7028,135706,6928
1826,32220,7692,145052,7510
1827,32400,6369,111668,6295
1828,32378,8092,155987,7971
1829,32189,8133,156932,7989
1830,32114,5996,108933,5952
1831,32016,2123,40634,2071
1832,32192,8685,163896,8610
1833,32299,6199,118225,6078
1834,32329,4877,95888,4717
1835,32258,3995,75089,3934
1836,32144,6423,122130,6283
1837,32352,5343,105064,5225
1838,32456,5555,111944,5458
1839,32290,6756,127071,6645
1840,32058,7106,125685,6960
1841,32446,6382,115281,6207
1842,32305,7111,139366,7009
1843,32282,3800,74773,3680
1844,32419,5932,106406,5917
1845,32262,2334,46333,2291
1846,32360,5421,109518,5316
1847,32013,4028,77105,3926
1848,32107,6337,118365,6142
1849,32113,6754,130029,6651
1850,32300,4492,82473,4435
1851,32049,6978,135363,6881
1852,32122,5282,96430,5241
1853,32139,4514,68003,4305
1854,32127,7439,144911,7288
1855,32353,3712,66095,3567
1856,32230,5805,115545,5712
1857,32148,2251,46691,2178
1858,32045,5746,104840,5610
1859,32098,2418,46844,2363
1860,32041,4711,86818,4657
1861,32269,3822,71598,3789
1862,32270,3684,66905,3559
1863,32383,7242,134973,7043
1864,32181,6695,119269,6497
1865,32256,5449,100160,5310
1866,32245,8050,150036,7942
1867,32317,6514,124389,6381
1868,32212,6704,116559,6554
1869,32024,5098,101554,4939
1870,32161,7564,144869,7471
1871,32227,6679,129145,6572
1872,32002,3633,65196,3554
1873,32266,4494,83111,4437
1874,32311,6508,103121,6379
1875,32092,2435,47994,2380
1876,32176,6107,105321,5959
1877,32074,7774,145564,7655
1878,32195,6001,93470,5844
1879,32356,2942,58471,2866
1880,32331,4028,80253,3925
1881,32238,6179,111600,6006
1882,32365,4506,84011,4366
1883,32090,2270,44425,2215
1884,32080,6664,112518,6588
1885,32036,6837,129948,6713
1886,32348,4521,88294,4389
1887,32111,6483,123638,6349
1888,32455,6940,124138,6794
1889,32438,4242,79861,4185
1890,32448,2859,55022,2816
1891,32047,6127,97896,5982
1892,32038,2242,44467,2200
1893,32133,7138,131400,6987
1894,32319,7152,135236,7030
1895,32034,6238,113043,6097
1896,32221,3376,65858,3261
1897,32239,6287,105603,6134
1898,32278,5950,109170,5935
1899,32005,7302,138410,7155
1900,32344,7775,150650,7668
1901,32206,3249,60898,3166
1902,32229,3550,66975,3507
1903,32405,5225,94231,5216
1904,32022,6652,127364,6550
1905,32026,4109,74965,4070
1906,32012,3119,59072,3039
1907,32386,3240,60942,3143
1908,32468,4399,82326,4267
1909,32208,5500,97856,5416
1910,32432,2582,45776,2548
1911,32171,2358,46548,2292
1912,32362,7096,134213,6978
1913,32393,5987,108398,5815
1914,32198,3935,71014,3871
1915,32157,3318,63171,3238
1916,32156,5314,97959,5199
1917,32394,5426,101005,5314
1918,32081,6790,133347,6720
1919,32314,5352,79951,5340
1920,32420,2904,55700,2830
1921,32402,5188,102310,5069
1922,32308,3092,51990,3066
1923,32099,7432,131191,7201
1924,32242,4846,89812,4793
1925,32126,6815,121019,6635
1926,32167,6241,112864,6067
1927,32372,2539,50313,2505
1928,32106,2597,52311,2563
1929,32235,6603,129373,6498
1930,32284,2997,58643,2908
1931,32020,6751,119005,6567
1932,32200,4574,85444,4449
1933,32207,3633,71175,3526
1934,32252,6352,114140,6154
1935,32030,6067,116839,5907
1936,32293,5272,101839,5110
1937,32003,4686,92853,4581
1938,32082,6001,93470,5844
1939,32359,3649,68513,3614
1940,32135,6954,135639,6854
1941,32217,6391,121997,6240
1942,32121,2068,41687,2021
1943,32401,5945,106219,5901
1944,32132,4936,88133,4918
1945,32444,2626,50493,2592
1946,32170,8384,161942,8304
1947,32450,6712,127163,6585
1948,32094,7120,136478,6974
1949,32015,5544,100701,5486
1950,32268,2076,42795,2029
1951,32037,6631,128623,6547
1952,32178,5620,110259,5513
1953,32243,8008,153783,7862
1954,32415,6672,117948,6460
1955,32350,6361,109332,6287
1956,32396,6202,98559,6059
1957,32057,6255,110111,6179
1958,32019,4338,82729,4275
1959,32414,7789,150045,7691
1960,32318,4165,79144,4146
1961,32335,3963,74315,3941
1962,32162,4649,93405,4527
1963,32173,3461,66035,3407
1964,32374,3754,69001,3629
1965,32150,4156,77017,4137
1966,32068,4419,77262,4401
1967,32185,4719,86817,4582
1968,32459,5667,109393,5513
1969,32201,4685,84333,4574
1970,32169,4759,89426,4694
1971,32236,7261,140995,7116
1972,32395,5843,93485,5729
1973,32281,6248,113754,6231
1974,32296,6938,134611,6783
1975,32070,7498,144650,7405
1976,32140,3405,63658,3288
1977,32204,4826,95639,4706
1978,32151,7727,143161,7602
1979,32399,3028,57697,2991
1980,32338,6114,118163,5966
1981,32391,5893,94093,5735
1982,32267,4490,82868,4433
1983,32279,3785,72739,3677
1984,32433,3927,72885,3796
1985,32097,5776,116409,5691
1986,32056,3376,62496,3305
1987,32219,6459,127703,6380
1988,32357,2862,54926,2828
1989,32147,2726,51980,2658
1990,32116,6143,111477,6101
1991,32060,4636,86475,4556
1992,32347,4636,88811,4475
1993,32381,4751,94093,4633
1994,32093,7969,149486,7822
1995,32422,6338,119967,6175
1996,32031,6175,117685,6045
1997,32439,8024,153757,7917
1998,32411,4437,81806,4380
1999,32339,2319,45270,2285
2000,32264,7685,149297,7545
2001,32143,7024,129659,6837
2002,32449,8144,154704,7989
2003,32389,5808,104401,5689
2004,32370,4987,75649,4874
2005,32297,2573,50767,2513
2006,32061,3331,63125,3258
2007,32123,2656,53025,2587
2008,32334,1630,29124,1606
2009,32445,7407,136565,7292
2010,32138,3265,61092,3148
2011,32130,4008,74125,3948
2012,32435,2853,55885,2818
2013,32101,4650,77793,4642
2014,32287,4255,79130,4123
2015,32083,4955,99319,4818
2016,32364,5736,91544,5616
2017,32103,5365,97316,5256
2018,32283,7319,125983,7117
2019,32141,4141,75026,4015
2020,32088,5828,114269,5705
2021,32385,4369,81808,4351
2022,32464,7026,124670,6794
2023,32452,4500,69044,4281
2024,32117,3823,79052,3713
2025,32085,5581,90083,5529
2026,32330,7402,138892,7281
2027,32044,5851,114645,5748
2028,32166,5568,108927,5442
2029,32310,7777,146821,7633
2030,32358,5283,80635,5271
2031,32091,4259,84929,4151
2032,32076,3529,67915,3450
2033,32346,5479,107534,5351
2034,32046,8721,160432,8562
2035,32202,7542,144379,7397
2036,32255,4324,81665,4305
2037,32349,2527,48124,2492
2038,32055,4148,75196,4130
2039,32436,3562,66699,3528
2040,32332,5581,109778,5450
2041,32196,5192,103288,5065
2042,32272,5321,98378,5212
2043,32460,7992,150719,7788
2044,32064,6836,130624,6640
2045,32437,7206,139070,7112
2046,32371,4972,77261,4796
2047,32373,6008,110717,5994
2048,32182,2936,55877,2877
2049,32424,8885,167793,8826
2050,32199,7163,138119,7070
2051,32465,4078,74695,3955
2052,32285,5538,106726,5363
2053,32124,3266,62183,3149
2054,32008,7220,133839,6980
2055,32273,6701,120699,6551
2056,32265,5809,112891,5647
2057,32453,4213,79960,4194
2058,32427,7457,138296,7260
2059,32237,3465,66709,3357
2060,32397,5757,106077,5740
2061,32211,7321,142302,7178
2062,32275,6549,116926,6406
2063,32403,6626,126217,6499
2064,32051,2767,54431,2707
2065,32241,5971,104928,5897
2066,32190,5700,112138,5556
2067,32249,3184,61823,3149
2068,32014,3649,69168,3525
2069,32089,4370,87315,4254
2070,32380,7637,144063,7460
2071,32234,2138,41371,2093
2072,32174,7213,135882,7096
2073,32461,8928,167365,8870
2074,32165,2994,56532,2921
2075,32341,5317,98157,5310
2076,32191,7637,144063,7460
2077,32193,7423,143595,7281
2078,32286,4730,92014,4541
2079,32163,7470,140384,7349
2080,32194,6275,118925,6127
2081,32035,5234,104345,5108
2082,32382,4756,95821,4648
2083,32246,7847,149962,7679
2084,32155,8185,150114,7948
2085,32134,2376,45554,2322
2086,32110,6124,119683,5983
2087,32128,5564,105435,5416
2088,32125,6681,129589,6578
2089,32387,2902,56502,2828
2090,32053,4865,90302,4812
2091,32390,7566,143334,7416
2092,32120,2543,50306,2507
2093,32277,3241,60446,3124
2094,32028,6104,112036,6087
2095,32228,5016,93467,4888
2096,32307,4530,81453,4407
2097,32413,4177,78302,4045
2098,32142,4432,83272,4413
2099,32408,6884,133279,6780
2100,32333,8747,167277,8688
2101,32073,6970,133577,6867
2102,32340,6881,132289,6776
2103,32323,5985,109143,5842
2104,32342,7153,126876,7007
2105,32467,3265,62419,3192
2106,32257,5234,100115,5115
2107,32129,4089,63349,4083
2108,32309,3542,65144,3417
2109,32369,6852,132248,6746
2110,32021,3781,69106,3739
2111,32159,5051,99534,4890
2112,32210,1485,29477,1460
2113,32288,2943,56675,2876
2114,32224,5688,109308,5536
2115,32274,8017,153492,7855
2116,32430,4606,86135,4551
2117,32010,5258,96608,5207
2118,32366,3955,73755,3933
2119,32458,7119,139412,7025
2120,32418,3233,59820,3109
2121,32295,2663,51792,2592
2122,32429,6036,97025,5953
2123,32222,7588,143020,7412
2124,32253,5723,92607,5603
2125,32100,6301,122522,6162
2126,46076,11977,193995,11783
2127,46241,10117,161903,10017
2128,46177,11252,183506,11137
2129,46081,8885,132078,8822
2130,46008,8737,138817,8615
2131,46164,8982,142157,8864
2132,46198,9000,158635,8926
2133,46284,11855,190072,11748
2134,46214,8393,130903,8284
2135,46230,8463,126208,8300
2136,46223,8592,135156,8465
2137,46322,7476,115567,7310
2138,46161,11785,226857,11555
2139,46038,11833,189914,11726
2140,46187,8001,120579,7881
2141,46248,6786,101217,6750
2142,46069,6954,102253,6928
2143,46122,11512,188733,11399
2144,46018,9787,160003,9629
2145,46278,7454,110659,7287
2146,46092,7656,116694,7546
2147,46097,11822,190592,11715
2148,46218,8542,136510,8491
2149,46011,11619,188043,11450
2150,46023,6128,88615,5958
2151,46162,8673,138150,8639
2152,46220,10668,174437,10609
2153,46137,7097,112783,6923
2154,46176,10315,170152,10171
2155,46207,10118,194722,10018
2156,46062,8463,133322,8409
2157,46157,8946,158906,8871
2158,46232,12300,200630,12150
2159,46154,7334,131494,7263
2160,46337,11269,181702,11224
2161,46085,9781,192072,9723
2162,46270,8302,125148,8128
2163,46102,9694,171088,9486
2164,46117,12256,197282,12085
2165,46227,7845,118956,7692
2166,46071,12974,209119,12840
2167,46247,7042,127498,7030
2168,46084,11295,182357,11250
2169,46012,10901,180562,10809
2170,46206,6780,98949,6609
2171,46267,9081,145409,8980
2172,46172,6663,103975,6495
2173,46171,8912,141849,8721
2174,46194,10549,169399,10426
2175,46307,8706,130502,8522
2176,46135,12927,214154,12891
2177,46174,10834,187612,10649
2178,46281,11451,186356,11264
2179,46124,11977,193995,11783
2180,46030,10658,174111,10528
2181,46136,8373,132066,8224
2182,46257,10451,167525,10403
2183,46280,8339,131188,8212
2184,46057,10440,158298,10305
2185,46305,7744,115634,7585
2186,46273,11871,191119,11689
2187,46192,10908,177653,10848
2188,46251,11871,191119,11689
2189,46321,8348,126044,8263
2190,46203,11308,194296,11157
2191,46083,11578,192875,11389
2192,46238,10660,173995,10526
2193,46159,12515,199808,12353
2194,46299,9150,142119,9135
2195,46015,10474,184876,10374
2196,46148,6673,99857,6515
2197,46319,10791,178445,10727
2198,46119,8348,134518,8256
2199,46196,8644,136452,8535
2200,46074,12337,200216,12187
2201,46175,9810,153295,9663
2202,46249,10822,163966,10702
2203,46147,8568,135036,8516
2204,46310,9318,150562,9187
2205,46263,7093,105558,6928
2206,46262,7021,103166,6862
2207,46132,10489,172666,10410
2208,46144,10547,172482,10474
2209,46294,9255,143763,9130
2210,46246,10838,177594,10707
2211,46303,9322,149156,9290
2212,46110,9724,157794,9601
2213,46285,7221,107980,7056
2214,46208,11473,185170,11299
2215,46113,8891,145529,8768
2216,46142,7971,120494,7845
2217,46080,8055,128361,7922
2218,46035,9459,147948,9302
2219,46001,8251,129480,8177
2220,46272,10128,178717,9930
2221,46041,8706,133485,8532
2222,46302,12706,209559,12666
2223,46275,8825,141810,8747
2224,46045,8549,130794,8371
2225,46036,10588,161579,10388
2226,46205,8746,135834,8624
2227,46233,10103,161479,10043
2228,46201,7039,102062,6875
2229,46316,8747,138421,8624
2230,46005,8400,132394,8341
2231,46059,9613,156775,9455
2232,46308,9073,149813,8956
2233,46259,9549,155105,9434
2234,46258,9272,151994,9136
2235,46031,9107,141857,9092
2236,46155,8664,130639,8506
2237,46189,10923,177656,10768
2238,46283,12382,201266,12233
2239,46185,11734,188643,11694
2240,46060,7608,113185,7436
2241,46019,8962,145781,8846
2242,46040,8382,130946,8344
2243,46197,6722,104902,6554
2244,46256,8902,126677,8842
2245,46116,9719,150804,9574
2246,46156,7708,117807,7560
2247,46261,6887,100673,6718
2248,46236,9533,158020,9420
2249,46165,10640,173780,10492
2250,46121,9535,157754,9410
2251,46332,10250,170698,10164
2252,46065,12515,202870,12377
2253,46234,8982,142157,8864
2254,46002,10871,177671,10812
2255,46043,12660,201884,12606
2256,46103,6477,96532,6431
2257,46180,10021,177684,9813
2258,46066,9160,145328,9048
2259,46169,9552,152397,9439
2260,46329,6758,100878,6574
2261,46052,9620,150144,9455
2262,46039,9477,145788,9363
2263,46056,9292,145616,9176
2264,46268,8071,122362,8011
2265,46006,10119,161903,10017
2266,46100,9572,149268,9403
2267,46091,7425,111019,7289
2268,46225,8613,135024,8566
2269,46082,7482,113852,7349
2270,46070,6842,107061,6678
2271,46111,10099,154184,9956
2272,46158,7132,105946,7116
2273,46301,7608,113185,7436
2274,46181,9905,161992,9803
2275,46099,7435,111037,7269
2276,46014,7138,105954,6973
2277,46078,10193,168899,10117
2278,46146,12394,198555,12312
2279,46013,6985,104424,6806
2280,46300,7483,110329,7302
2281,46186,10698,175028,10612
2282,46123,11966,191954,11851
2283,46153,10494,174478,10344
2284,46072,9275,148234,9164
2285,46179,7869,118226,7721
2286,46226,10641,187241,10460
2287,46318,10581,172718,10547
2288,46140,7055,108042,6908
2289,46298,12110,199067,11933
2290,46331,8050,124938,7983
2291,46253,9043,148252,8920
2292,46215,9918,162859,9790
2293,46286,12030,195130,11956
2294,46150,13578,215620,13415
2295,46199,8762,131522,8698
2296,46217,6695,103515,6528
2297,46265,11764,192334,11588
2298,46034,11107,183755,11039
2299,46243,10668,174309,10617
2300,46112,8011,127706,7888
2301,46242,10807,179675,10739
2302,46037,8337,127822,8293
2303,46044,8002,124528,7895
2304,46061,9465,146531,9285
2305,46128,10391,169677,10243
2306,46292,10617,177026,10548
2307,46033,7724,114279,7560
2308,46075,9366,146512,9209
2309,46020,7074,127004,7062
2310,46210,8240,132490,8128
2311,46055,9842,172661,9677
2312,46089,8434,127453,8352
2313,46193,11122,180091,11000
2314,46016,11329,182830,11283
2315,46209,10419,170401,10274
2316,46149,7743,118606,7599
2317,46333,7385,131358,7378
2318,46338,11927,227422,11712
2319,46219,8594,138576,8509
2320,46160,12526,207363,12468
2321,46293,10986,178545,10937
2322,46336,8226,124390,8135
2323,46335,7517,113022,7350
2324,46090,10145,166410,10060
2325,46028,12045,195018,11940
2326,46297,9597,150985,9500
2327,46279,11466,188857,11400
2328,46063,6212,93323,6152
2329,46260,10824,165509,10709
2330,46026,6709,95874,6535
2331,46237,10224,179630,10120
2332,46195,11446,188518,11366
2333,46317,10759,174689,10627
2334,46106,11808,192027,11634
2335,46003,10979,177317,10857
2336,46133,10551,186284,10383
2337,46046,7897,123757,7760
2338,46053,10448,155652,10284
2339,46235,10014,163598,9887
2340,46291,8650,139172,8539
2341,46306,10877,179298,10811
2342,46288,10575,183876,10400
2343,46115,12150,196584,11964
2344,46250,9496,149042,9281
2345,46339,11284,186603,11186
2346,46323,8258,133636,8158
2347,46029,12151,193145,12048
2348,46340,7768,122513,7645
2349,46282,12382,203426,12314
2350,46296,8381,130019,8320
2351,46295,11874,194994,11801
2352,46141,12796,202285,12663
2353,46143,11142,184570,11075
2354,46138,9059,147296,8928
2355,46104,10282,170662,10198
2356,46269,11596,223844,11351
2357,46127,9553,156286,9456
2358,46184,9502,149010,9403
2359,46324,8375,133578,8278
2360,46245,8760,136556,8734
2361,46190,8298,131751,8201
2362,46229,12088,193672,11965
2363,46188,8130,128554,8027
2364,46255,11148,194959,10992
2365,46277,8872,134281,8812
2366,46114,9089,145329,8874
2367,46163,12660,201884,12606
2368,46086,11639,191224,11481
2369,46120,8971,142586,8861
2370,46334,9663,156803,9530
2371,46049,8376,128115,8206
2372,46009,10631,176156,10557
2373,46228,11723,188319,11616
2374,46131,10246,161321,10122
2375,46271,11612,187935,11431
2376,46211,8076,127732,7959
2377,46290,9408,155579,9294
2378,46095,7768,122770,7618
2379,46254,9032,138111,8869
2380,46224,7538,117954,7385
2381,46007,7447,117869,7304
2382,46050,7744,115373,7578
2383,46166,6747,99481,6571
2384,46326,7460,107154,7279
2385,46287,6280,95744,6093
2386,46309,10967,179942,10831
2387,46134,8731,138411,8555
2388,46178,9985,165274,9866
2389,46216,10035,162614,9966
2390,46096,11257,186328,11205
2391,46051,9871,151258,9740
2392,46108,10499,184426,10357
2393,46182,8370,130739,8309
2394,46054,9475,152022,9379
2395,46204,9377,151244,9253
2396,46304,9459,154818,9351
2397,46167,8976,138011,8958
2398,46087,9190,146032,9085
2399,46093,9409,144793,9260
2400,46168,9879,194922,9836
2401,46010,7355,111413,7214
2402,46328,7206,130866,7201
2403,46048,13079,210158,12898
2404,46088,7763,122135,7638
2405,46152,10118,168827,10009
2406,46222,9269,145122,9074
2407,46240,10805,175521,10751
2408,46311,12798,206142,12606
2409,46213,10995,176447,10879
2410,46314,12038,197197,11929
2411,46315,12668,203930,12530
2412,46200,9016,143226,8908
2413,46022,8277,131438,8206
2414,46264,8408,133163,8315
2415,46024,11798,190304,11612
2416,46042,7243,111962,7096
2417,46094,10395,161971,10280
2418,46231,8129,123752,8022
2419,46221,10361,179155,10181
2420,46183,9239,143374,9112
2421,46032,8223,128662,8114
2422,46067,12289,197784,12260
2423,46145,11195,182575,11062
2424,46327,7959,122329,7838
2425,46191,7674,121623,7517
2426,46068,8217,123795,8094
2427,46064,8192,130237,8079
2428,46027,8602,122641,8549
2429,46129,8967,138287,8777
2430,46289,9154,161790,9079
2431,46276,8292,127533,8246
2432,46025,7187,105615,7023
2433,46330,12114,197045,11921
2434,46098,10333,170544,10225
2435,46073,7652,115581,7541
2436,46058,11669,189529,11556
2437,46139,11871,196593,11775
2438,46125,12328,203416,12260
2439,46021,9491,147979,9321
2440,46266,10111,179243,9979
2441,46017,11503,189061,11423
2442,46130,8613,134176,8565
2443,46126,8749,140141,8564
2444,46151,8703,139830,8593
2445,46118,11818,194977,11650
2446,46212,8737,135828,8712
2447,46047,9953,164269,9870
2448,46325,9277,148180,9161
2449,46079,8565,136590,8474
2450,46004,11045,183265,10990
2451,46101,10068,196678,10041
2452,46313,11956,193676,11849
2453,46252,8956,144598,8885
2454,46170,11427,187621,11348
2455,46173,7597,114379,7411
2456,46107,7887,118483,7753
2457,46320,8869,132078,8822
2458,46274,6652,97573,6482
2459,46202,6160,91830,5979
2460,46109,6394,97163,6215
2461,46105,7294,112228,7149
2462,46077,8433,134455,8328
2463,46239,10574,172941,10435
2464,46312,12287,199754,12135
2465,46244,11387,195202,11243
2466,65226,9084,154233,8837
2467,65442,5147,93614,4952
2468,65245,7093,122415,6916
2469,65037,7748,132318,7556
2470,65198,8636,145327,8461
2471,65318,6842,119953,6739
2472,65151,7857,134620,7556
2473,65299,8175,139932,7904
2474,65406,8298,141264,8017
2475,65421,10385,166673,10206
2476,65054,7088,125863,6908
2477,65163,7926,138045,7761
2478,65217,6788,120795,6601
2479,65355,9540,157919,9354
2480,65472,8054,147537,7965
2481,65127,7165,126599,6986
2482,65181,8585,145221,8307
2483,65384,9239,155382,8931
2484,65147,8148,140748,7982
2485,65029,11169,180837,10834
2486,65342,7214,124216,6972
2487,65023,9340,152249,9168
2488,65285,8015,134622,7754
2489,65041,8315,141761,8150
2490,65324,7442,129620,7351
2491,65371,10614,175770,10297
2492,65304,7852,142135,7561
2493,65191,10177,163966,10097
2494,65186,6384,120201,6241
2495,65049,7412,136815,7161
2496,65275,8244,140021,8079
2497,65429,8094,145495,7803
2498,65449,6230,110762,6159
2499,65116,8265,142962,8008
2500,65289,6984,120800,6744
2501,65140,8505,147110,8241
2502,65416,6803,122479,6628
2503,65132,7677,132750,7407
2504,65064,9622,153833,9459
2505,65137,7761,142078,7521
2506,65003,9070,155308,8812
2507,65013,7794,135546,7564
2508,65274,6504,112986,6385
2509,65390,8305,139498,8083
2510,65262,8183,145729,7898
2511,65108,8266,142341,7957
2512,65330,8314,142480,8054
2513,65178,7153,124992,6975
2514,65276,8097,136874,7790
2515,65462,8516,151278,8224
2516,65058,9397,156417,9181
2517,65438,8592,144836,8363
2518,65480,11454,190062,11095
2519,65150,6622,117856,6475
2520,65407,5986,115623,5842
2521,65420,10928,177817,10613
2522,65235,9372,154390,9126
2523,65306,7443,130239,7269
2524,65418,7647,132478,7430
2525,65020,9509,157494,9291
2526,65397,7487,131230,7256
2527,65073,7895,136541,7642
2528,65093,6893,124164,6723
2529,65456,6493,113505,6386
2530,65083,8995,151510,8761
2531,65091,8185,140155,8019
2532,65063,8819,149499,8570
2533,65011,9638,159267,9430
2534,65128,6853,121934,6732
2535,65278,7692,132488,7521
2536,65464,8771,148177,8718
2537,65305,6594,123757,6453
2538,65333,8406,142268,8153
2539,65031,8315,143265,8066
2540,65007,8427,144233,8196
2541,65457,7895,136541,7642
2542,65425,8604,146563,8380
2543,65443,7584,127624,7497
2544,65364,9051,154932,8795
2545,65145,11379,188458,11027
2546,65234,8523,145043,8302
2547,65410,8121,139972,8015
2548,65402,6645,121905,6506
2549,65297,7517,131348,7285
2550,65348,9912,161845,9825
2551,65314,7782,140823,7596
2552,65004,10458,170410,10145
2553,65114,7563,131212,7335
2554,65323,6955,124864,6786
2555,65329,6866,123166,6696
2556,65368,5143,94542,5005
2557,65237,9945,162589,9858
2558,65436,7603,132995,7517
2559,65470,10260,167167,10064
2560,65176,12415,199183,12368
2561,65038,10033,164072,9827
2562,65068,5819,103380,5644
2563,65202,10539,174461,10226
2564,65221,8928,149130,8816
2565,65292,9424,159784,9304
2566,65392,9050,150087,8948
2567,65169,11983,188374,11686
2568,65296,7943,147650,7842
2569,65394,6260,119047,6172
2570,65441,6384,121894,6241
2571,65112,11672,185230,11398
2572,65125,7069,122665,6875
2573,65182,11664,185308,11288
2574,65154,6261,119139,6118
2575,65001,11192,180031,10879
2576,65224,6988,123553,6870
2577,65223,8786,147863,8666
2578,65266,5761,104653,5632
2579,65225,7940,137732,7812
2580,65089,11869,195063,11492
2581,65453,6413,120541,6270
2582,65155,5250,95723,5102
2583,65417,8301,142413,8168
2584,65322,6967,124915,6804
2585,65268,9524,156793,9343
2586,65247,9630,157731,9439
2587,65461,6827,118755,6608
2588,65431,7194,124349,7000
2589,65401,9034,151665,8794
2590,65135,8185,140155,8019
2591,65055,10632,174209,10447
2592,65159,6825,121002,6653
2593,65321,8610,146713,8345
2594,65197,10430,168629,10245
2595,65350,8679,147848,8407
2596,65069,6702,120426,6514
2597,65239,7242,127915,7064
2598,65106,9030,153478,8772
2599,65481,12174,198180,11816
2600,65463,11880,194324,11524
2601,65165,7530,131168,7361
2602,65312,7368,128102,7193
2603,65060,8763,144811,8666
2604,65445,7090,126123,6910
2605,65006,9095,153566,8850
2606,65471,9376,155922,9136
2607,65308,7003,122820,6828
2608,65109,6331,120369,6188
2609,65430,7910,138004,7687
2610,65057,9527,154735,9309
2611,65338,8387,141912,8221
2612,65327,6416,116859,6216
2613,65362,11165,180404,10810
2614,65354,8491,144302,8270
2615,65174,7783,141017,7549
2616,65022,11114,179978,10736
2617,65172,9397,156417,9181
2618,65291,10430,168629,10245
2619,65477,8227,140501,7956
2620,65208,9203,152444,8980
2621,65346,8408,142268,8153
2622,65212,8744,149036,8473
2623,65207,7558,130596,7361
2624,65413,11454,190062,11095
2625,65255,8670,148211,8446
2626,65437,5987,107651,5904
2627,65133,7946,137628,7723
2628,65253,6896,119388,6792
2629,65415,10368,168849,10183
2630,65369,7908,135285,7598
2631,65160,9004,151499,8820
2632,65270,7840,136752,7713
2633,65142,7367,127023,7104
2634,65192,12746,205397,12373
2635,65293,6625,115763,6519
2636,65313,9001,148486,8896
2637,65249,5002,92696,4842
2638,65101,8166,138736,7885
2639,65119,8562,142487,8345
2640,65139,6384,121894,6241
2641,65039,8699,150465,8436
2642,65196,7995,137839,7771
2643,65242,7737,133976,7505
2644,65424,11869,195063,11492
2645,65367,8280,139877,8003
2646,65168,11772,192273,11431
2647,65161,7807,135601,7534
2648,65325,7500,129967,7269
2649,65183,6245,112160,6174
2650,65474,6819,119485,6620
2651,65468,6013,106068,5860
2652,65361,7665,132195,7503
2653,65458,11224,180194,10911
2654,65015,7004,121838,6828
2655,65280,10384,168413,10153
2656,65377,6163,112573,6085
2657,65099,8830,151078,8602
2658,65014,6261,119139,6118
2659,65257,9555,158639,9322
2660,65334,10791,173741,10588
2661,65047,8416,145467,8102
2662,65033,9701,158926,9591
2663,65290,8461,143112,8219
2664,65209,8458,146291,8168
2665,65043,9149,152547,9006
2666,65236,9863,160992,9716
2667,65117,9373,155867,9072
2668,65149,7713,132824,7630
2669,65096,7630,134560,7462
2670,65294,7388,127403,7186
2671,65258,6799,119010,6615
2672,65084,8990,151510,8761
2673,65164,9390,156592,9203
2674,65387,7945,146298,7847
2675,65380,8290,142733,8018
2676,65052,9864,161000,9717
2677,65098,10430,171896,10245
2678,65053,6383,120201,6241
2679,65228,7871,136492,7627
2680,65179,8257,140805,8091
2681,65398,6532,125608,6384
2682,65157,9761,159233,9489
2683,65478,11764,191155,11445
2684,65213,5952,105799,5793
2685,65021,11061,178091,10748
2686,65409,7633,131159,7398
2687,65344,9665,157655,9432
2688,65048,8321,142251,8040
2689,65046,9319,154128,9084
2690,65273,7882,135510,7656
2691,65376,5940,107971,5824
2692,65475,5315,95657,5170
2693,65473,11230,182595,10897
2694,65378,7768,132830,7575
2695,65070,9998,164637,9701
2696,65479,9289,153651,9202
2697,65405,7510,131814,7338
2698,65444,5790,113078,5682
2699,65422,9098,153545,8929
2700,65408,7871,136492,7627
2701,65241,7655,133144,7486
2702,65426,7615,132697,7529
2703,65200,9318,154794,9188
2704,65050,9027,154242,8776
2705,65095,6564,115537,6454
2706,65027,9051,155604,8808
2707,65215,8169,151076,8070
2708,65121,8089,138742,7868
2709,65158,6598,124106,6457
2710,65018,12839,204021,12805
2711,65051,6120,116876,6032
2712,65391,6367,122055,6207
2713,65450,9525,158790,9208
2714,65356,7503,127885,7304
2715,65025,10539,174461,10226
2716,65345,9488,156146,9360
2717,65222,8550,144533,8307
2718,65167,7735,135617,7569
2719,65105,7616,134088,7447
2720,65233,9816,161471,9599
2721,65071,7688,132698,7520
2722,65465,9030,153478,8772
2723,65118,7426,127135,7224
2724,65279,7252,125520,7074
2725,65264,8301,151177,8224
2726,65393,10756,174427,10571
2727,65281,9108,152087,8906
2728,65188,13265,212799,12895
2729,65382,7669,125309,7517
2730,65244,8712,148974,8440
2731,65129,5694,100648,5494
2732,65115,7497,127326,7406
2733,65476,8952,151874,8763
2734,65298,7799,135430,7672
2735,65170,6931,123550,6753
2736,65107,9697,160548,9524
2737,65250,6658,116947,6477
2738,65078,8733,147459,8538
2739,65195,9129,156344,8869
2740,65012,6261,119139,6118
2741,65088,5179,92735,5021
2742,65331,9118,149777,8880
2743,65396,10892,177910,10560
2744,65229,6590,121672,6449
2745,65466,9015,154114,8769
2746,65218,7374,129788,7141
2747,65066,8884,147188,8704
2748,65009,6425,121798,6338
2749,65080,9788,159316,9601
2750,65452,6382,113295,6185
2751,65206,7510,129814,7419
2752,65256,7659,132802,7387
2753,65448,6608,115890,6500
2754,65019,8972,150317,8866
2755,65110,6782,118100,6676
2756,65363,6341,114610,6212
2757,65100,8798,148190,8516
2758,65034,7832,135621,7666
2759,65433,8912,151008,8655
2760,65124,8924,152374,8677
2761,65383,6330,111513,6141
2762,65185,9388,158779,9257
2763,65353,7659,132802,7387
2764,65335,8582,145335,8386
2765,65277,6622,118654,6426
2766,65482,6542,116563,6427
2767,65016,8890,147990,8728
2768,65432,7827,143396,7724
2769,65240,7621,140006,7509
2770,65288,6903,119743,6725
2771,65144,9776,160839,9675
2772,65036,11318,179262,11133
2773,65184,6484,115858,6383
2774,65439,8852,147796,8664
2775,65210,12052,192772,11744
2776,65375,7444,129580,7194
2777,65230,6009,115911,5865
2778,65440,8600,143440,8337
2779,65175,6988,123093,6768
2780,65113,7225,126335,7112
2781,65189,8785,149593,8547
2782,65336,5678,101179,5492
2783,65219,7635,140187,7523
2784,65072,8321,142251,8040
2785,65403,8430,142079,8214
2786,65097,6638,117968,6514
2787,65102,7057,123240,6882
2788,65404,5359,97947,5251
2789,65260,6658,116947,6477
2790,65454,7405,126003,7167
2791,65435,11138,182747,10798
2792,65103,7686,131372,7424
2793,65283,9061,160089,8740
2794,65446,8037,138693,7787
2795,65284,9403,152823,9171
2796,65104,8076,137865,7764
2797,65287,6023,117120,5892
2798,65214,6008,106013,5855
2799,65460,8144,137825,7923
2800,65090,6008,106013,5855
2801,65187,5682,102572,5553
2802,65259,7840,136752,7713
2803,65360,11025,173311,10858
2804,65010,8276,145415,7995
2805,65370,8618,144523,8436
2806,65320,8828,147909,8709
2807,65386,10149,164090,10069
2808,65024,8480,143990,8347
2809,65352,10814,173986,10501
2810,65044,7584,127624,7497
2811,65231,6971,123028,6788
2812,65427,6494,121624,6422
2813,65061,7770,133708,7559
2814,65123,9117,150667,8973
2815,65079,7573,129557,7377
2816,65199,8767,157118,8414
2817,65077,11315,179262,11133
2818,65272,8764,154873,8660
2819,65122,8091,137852,7847
2820,65337,7004,121899,6904
2821,65282,9053,160952,8732
2822,65204,7550,131228,7464
2823,65180,7955,139576,7698
2824,65381,6043,109841,5944
2825,65265,7853,136120,7726
2826,65086,7073,123476,6976
2827,65251,9055,150361,8961
2828,65261,5964,106486,5865
2829,65243,8006,144524,7725
2830,65074,5541,101774,5423
2831,65357,8092,138727,7930
2832,65085,6800,119418,6592
2833,65269,7826,136152,7601
2834,65026,5334,96335,5151
2835,65028,5769,103549,5604
2836,65374,6384,112062,6194
2837,65339,9528,156793,9343
2838,65326,7214,123266,7118
2839,65328,9109,151680,8963
2840,65389,6500,117377,6300
2841,65067,9788,159316,9601
2842,65130,7788,143622,7677
2843,65035,7950,137216,7725
2844,65082,10666,167745,10604
2845,65399,12032,194129,11702
2846,65467,11229,178174,11044
2847,65267,10574,174793,10260
2848,65056,10539,174461,10226
2849,65447,7890,135591,7612
2850,65075,8821,150816,8528
2851,65065,10226,175811,10084
2852,65171,9051,155604,8808
2853,65332,8181,138817,7889
2854,65252,10077,172807,9939
2855,65153,7676,132100,7591
2856,65311,7589,132371,7346
2857,65359,7348,127046,7254
2858,65177,6581,119321,6546
2859,65343,10368,168849,10183
2860,65372,8138,140403,7908
2861,65173,12181,195338,11862
2862,65310,8263,140159,8047
2863,65419,6312,111145,6188
2864,65451,8928,147867,8758
2865,65307,6060,116370,5971
2866,65428,11671,185230,11398
2867,65455,6783,119749,6627
2868,65205,9106,152015,8880
2869,65301,7411,127753,7139
2870,65141,9119,155361,8878
2871,65190,6967,123787,6797
2872,65017,9998,165068,9717
2873,65319,6305,119743,6218
2874,65059,8530,143901,8324
2875,65002,9885,170758,9647
2876,65092,8091,137852,7847
2877,65385,7062,126806,6910
2878,65040,10041,164015,9830
2879,65032,11902,188802,11473
2880,65347,7029,123237,6816
2881,65166,7692,132488,7521
2882,65300,8241,140881,8072
2883,65194,6779,120552,6598
2884,65303,8578,145221,8307
2885,65317,9062,160089,8740
2886,65341,9027,151160,8851
2887,65111,7832,135621,7666
2888,65162,8146,139358,7981
2889,65203,9731,158699,9541
2890,65005,8903,150598,8646
2891,65216,8423,143695,8213
2892,65081,7511,130629,7340
2893,65388,9373,155867,9072
2894,65238,9325,150918,9196
2895,65400,10807,174670,10493
2896,65309,7140,128027,6992
2897,65211,8819,150816,8528
2898,65414,7754,133864,7521
2899,65286,10181,174727,9963
2900,65351,10084,163653,9996
2901,65469,11956,195332,11594
2902,65138,12206,195306,11857
2903,65248,8223,147376,7935
2904,65201,10954,175457,10769
2905,65349,10358,165929,10296
2906,65087,6111,118179,5963
2907,65423,6943,120471,6840
2908,65193,6330,120369,6188
2909,65045,11648,185194,11354
2910,65126,6150,108591,6019
2911,65232,7617,129796,7353
2912,65263,5678,101772,5492
2913,65134,5059,92803,4900
2914,65316,5838,106285,5713
2915,65146,7954,139219,7653
2916,65459,8480,143990,8347
2917,65358,5794,102511,5615
2918,65148,5726,103289,5597
2919,65136,5722,103716,5593
2920,65315,5429,99390,5291
2921,65340,8104,141292,7801
2922,65366,10414,175312,10229
2923,65254,7502,129903,7338
2924,65042,8733,147459,8538
2925,65094,6806,122892,6636
2926,65411,11829,193025,11490
2927,65412,7562,139351,7325
2928,65295,11826,193034,11485
2929,65379,8830,151078,8602
2930,65062,8861,150019,8602
2931,65143,7748,132318,7556
2932,65156,8181,140437,7909
2933,65131,7688,130979,7403
2934,65373,5899,104616,5684
2935,65395,11207,179108,10964
2936,65271,9694,159901,9479
2937,65220,9530,156431,9339
2938,65076,7209,129648,7074
2939,65120,8673,150808,8607
2940,81242,4439,63554,4262
2941,81187,4579,57064,4389
2942,81322,5119,92474,4979
2943,81231,7377,105347,7128
2944,81123,5561,99025,5411
2945,81015,3859,51865,3702
2946,81317,5148,100264,5046
2947,81178,3809,47381,3779
2948,81100,3798,52918,3768
2949,81004,4301,86115,4201
2950,81254,5482,111803,5384
2951,81303,5999,115502,5941
2952,81136,4810,68680,4626
2953,81248,3848,61917,3647
2954,81063,4260,81875,4162
2955,81091,6768,99314,6605
2956,81291,5072,94920,4972
2957,81195,5012,70939,4824
2958,81310,3179,39059,3034
2959,81158,6795,132119,6784
2960,81051,4315,77453,4157
2961,81299,3917,52933,3781
2962,81297,4260,81875,4162
2963,81193,8383,156030,8204
2964,81005,7250,101330,7037
2965,81137,7000,104942,6850
2966,81064,4240,76159,4094
2967,81099,3655,62943,3515
2968,81174,4638,83183,4533
2969,81083,4445,58749,4371
2970,81134,7909,118106,7804
2971,81109,4719,66593,4584
2972,81165,5346,98063,5224
2973,81141,5658,119445,5560
2974,81106,3364,45139,3193
2975,81172,5425,114715,5326
2976,81043,4049,73417,3920
2977,81233,5157,103632,5126
2978,81257,8001,143869,7802
2979,81008,5496,113713,5398
2980,81234,5304,94860,5230
2981,81095,4758,84742,4581
2982,81185,3479,47516,3353
2983,81145,3705,49340,3477
2984,81260,5188,99619,5104
2985,81151,3928,50829,3794
2986,81142,4097,58223,3903
2987,81153,7720,112599,7611
2988,81018,4422,87259,4325
2989,81101,4549,93823,4418
2990,81024,3746,46693,3707
2991,81281,4476,64731,4282
2992,81156,3674,74234,3539
2993,81279,4209,60469,4114
2994,81080,4673,83639,4495
2995,81163,6335,87271,6103
2996,81117,4105,71121,3986
2997,81171,3349,60959,3218
2998,81122,5618,117273,5520
2999,81006,3501,45259,3347
3000,81311,5350,103075,5220
3001,81066,5602,78856,5365
3002,81179,3698,48738,3547
3003,81212,3961,51959,3825
3004,81246,4496,81421,4345
3005,81125,6978,133724,6968
3006,81240,6186,115961,6061
3007,81239,6688,93778,6460
3008,81316,4600,80409,4443
3009,81086,7429,110617,7262
3010,81056,4526,82480,4375
3011,81237,4575,61754,4501
3012,81094,6762,128327,6738
3013,81196,5899,84627,5742
3014,81221,6022,116336,6008
3015,81097,4479,89963,4382
3016,81150,2807,42077,2681
3017,81293,3553,43640,3514
3018,81044,4065,65653,3864
3019,81183,5774,110702,5756
3020,81129,4460,63213,4283
3021,81241,5399,107103,5379
3022,81114,5314,100253,5255
3023,81152,5156,95201,5077
3024,81288,4320,58153,4246
3025,81069,5061,90235,4897
3026,81139,5071,90805,4970
3027,81098,4827,69248,4630
3028,81302,5525,116519,5427
3029,81102,2790,37529,2727
3030,81308,5528,111007,5503
3031,81040,4595,83840,4448
3032,81232,3848,77264,3734
3033,81164,2748,36080,2585
3034,81154,5301,94413,5218
3035,81261,2959,44212,2833
3036,81182,6034,114937,5912
3037,81166,5074,88857,4950
3038,81036,6428,88929,6202
3039,81157,3564,43646,3542
3040,81262,5186,93442,5037
3041,81133,4481,88711,4386
3042,81038,3655,62943,3515
3043,81126,3205,38647,3182
3044,81010,5493,106591,5430
3045,81062,7020,103328,6814
3046,81173,2545,29189,2519
3047,81081,4916,70933,4836
3048,81222,5113,98311,4952
3049,81304,5862,110551,5811
3050,81255,3144,45881,2993
3051,81047,6692,126876,6667
3052,81001,3586,46492,3442
3053,81079,4442,88776,4311
3054,81050,3094,38263,2945
3055,81216,4863,69972,4757
3056,81287,4362,83019,4270
3057,81037,6710,99970,6518
3058,81285,5413,106553,5388
3059,81236,2926,38738,2863
3060,81176,4144,75613,3979
3061,81218,4216,83687,4114
3062,81204,6029,84088,5811
3063,81032,3939,54384,3774
3064,81220,3382,44877,3172
3065,81076,3281,41493,3137
3066,81088,4872,97558,4793
3067,81189,3582,45978,3438
3068,81184,5836,102360,5760
3069,81115,7663,108866,7381
3070,81192,8664,159864,8463
3071,81294,3573,64638,3430
3072,81011,3334,53667,3136
3073,81121,7363,105253,7150
3074,81256,5779,84410,5578
3075,81190,4782,95632,4686
3076,81325,4730,66452,4515
3077,81323,4206,57262,4081
3078,81027,4573,64134,4564
3079,81263,5924,103470,5741
3080,81230,5099,100643,4949
3081,81278,7073,100406,6817
3082,81116,3411,38133,3164
3083,81282,7263,140391,7256
3084,81002,6227,84327,6011
3085,81146,5042,90492,4881
3086,81138,4288,79479,4163
3087,81132,4514,59716,4390
3088,81026,4731,92604,4631
3089,81180,6165,116197,6115
3090,81275,5218,94600,5103
3091,81188,8254,153768,8062
3092,81300,5039,90729,4908
3093,81039,3774,60190,3553
3094,81124,7787,144226,7566
3095,81243,4427,80785,4276
3096,81112,3935,77191,3820
3097,81309,4858,88995,4711
3098,81103,7599,144731,7592
3099,81013,5116,103015,5045
3100,81181,5275,77505,5231
3101,81315,4445,62257,4311
3102,81007,4633,82511,4482
3103,81219,4107,54950,3946
3104,81140,3411,38133,3164
3105,81286,4646,61345,4532
3106,81208,3464,61556,3333
3107,81072,5453,113104,5354
3108,81068,5337,93152,5259
3109,81108,4655,83846,4506
3110,81061,4460,81676,4369
3111,81128,6277,92890,6093
3112,81058,4731,69050,4524
3113,81249,5191,108640,5077
3114,81319,4692,80117,4593
3115,81090,3915,74271,3805
3116,81277,5017,100358,4933
3117,81075,4708,66158,4559
3118,81217,4931,68426,4774
3119,81199,5797,114354,5772
3120,81077,6490,121235,6345
3121,81274,4248,84222,4145
3122,81046,3834,67924,3693
3123,81213,3723,49845,3579
3124,81253,4938,100134,4854
3125,81023,8629,159709,8461
3126,81312,4720,67727,4542
3127,81085,7749,140680,7536
3128,81247,5610,108477,5547
3129,81314,7319,139840,7312
3130,81049,4593,60894,4515
3131,81250,5064,90229,4955
3132,81149,3255,49881,3126
3133,81258,4812,84749,4684
3134,81033,4975,98137,4863
3135,81318,2874,35644,2847
3136,81223,6911,99403,6792
3137,81012,4642,80712,4483
3138,81035,5238,93781,5122
3139,81111,4931,89681,4797
3140,81229,3430,42208,3408
3141,81003,5818,111646,5689
3142,81131,3583,68404,3453
3143,81160,4825,68330,4653
3144,81022,2804,32004,2779
3145,81203,6206,118616,6191
3146,81105,4147,74815,4007
3147,81070,2967,46579,2815
3148,81238,6835,96027,6605
3149,81295,5273,104422,5253
3150,81267,6184,119083,6171
3151,81209,6334,87271,6103
3152,81324,3074,36246,3051
3153,81159,3715,47473,3581
3154,81014,7295,109924,7176
3155,81265,5114,93584,4999
3156,81019,6258,121810,6233
3157,81268,6960,128873,6759
3158,81226,4758,93683,4604
3159,81021,6179,86007,5954
3160,81206,5431,97749,5358
3161,81270,3705,48564,3543
3162,81313,4244,77108,4087
3163,81074,4393,87715,4296
3164,81078,4214,55428,4093
3165,81135,5559,98796,5423
3166,81054,4476,64731,4282
3167,81244,5183,101976,5114
3168,81273,4676,67474,4462
3169,81186,5348,111143,5248
3170,81320,4931,89681,4797
3171,81059,4087,80199,3977
3172,81271,2801,40476,2655
3173,81031,6522,97826,6344
3174,81326,4422,84986,4326
3175,81198,4099,78529,3990
3176,81214,3593,45958,3449
3177,81283,3872,72838,3762
3178,81168,5918,113205,5867
3179,81215,3829,61576,3624
3180,81205,3766,50631,3605
3181,81073,5226,102964,5199
3182,81177,5299,77874,5213
3183,81113,4504,88407,4379
3184,81235,4958,70748,4770
3185,81119,4638,83183,4533
3186,81161,6446,121521,6322
3187,81202,3392,52707,3263
3188,81017,5913,113281,5899
3189,81120,5319,74209,5101
3190,81251,4107,58267,3915
3191,81041,4049,72370,3883
3192,81127,3541,46461,3375
3193,81224,5921,103883,5773
3194,81071,5463,107078,5399
3195,81264,6068,118799,6044
3196,81284,3732,76311,3599
3197,81089,5880,115696,5856
3198,81296,4958,97414,4880
3199,81321,6881,95825,6693
3200,81096,5472,106296,5353
3201,81169,4496,55637,4296
3202,81130,5509,80460,5332
3203,81252,5347,79022,5123
3204,81030,3587,46995,3435
3205,81042,5790,83938,5615
3206,81028,7624,112286,7454
3207,81144,4316,85997,4217
3208,81201,5380,116156,5278
3209,81009,4756,84472,4579
3210,81092,4037,46240,3813
3211,81269,6327,92328,6145
3212,81280,5863,102790,5736
3213,81289,4285,60986,4107
3214,81292,5309,112943,5209
3215,81087,3965,74356,3856
3216,81016,5463,75688,5426
3217,81167,6450,119598,6278
3218,81045,5099,91884,4963
3219,81048,4482,91228,4378
3220,81067,4421,76233,4320
3221,81200,4218,55603,4109
3222,81155,4903,95988,4783
3223,81060,5074,100095,4976
3224,81053,6701,95041,6576
3225,81020,3759,72158,3629
3226,81211,4335,80680,4244
3227,81290,4705,84300,4526
3228,81065,5362,73632,5177
3229,81305,7122,108458,6979
3230,81259,5250,107063,5219
3231,81207,5332,96276,5239
3232,81228,3044,38953,2918
3233,81227,5846,86167,5647
3234,81276,4064,55122,3913
3235,81245,6407,108863,6250
3236,81034,6244,89754,6097
3237,81052,4414,88223,4316
3238,81029,4070,79302,3955
3239,81148,4771,87274,4622
3240,81170,5320,105325,5262
3241,81306,4879,97934,4780
3242,81082,6133,120004,6111
3243,81272,4262,60557,4167
3244,81266,4215,55428,4093
3245,81191,5476,95950,5363
3246,81197,4644,80398,4545
3247,81055,4653,63463,4540
3248,81307,5700,81545,5532
3249,81084,5192,72969,5065
3250,81093,3748,71154,3618
3251,81143,4307,62651,4113
3252,81110,6590,121476,6541
3253,81104,2921,47758,2780
3254,81025,2914,33319,2889
3255,81162,2973,36423,2828
3256,81210,3937,53368,3782
3257,81225,3676,70045,3546
3258,81175,4259,53188,4242
3259,81118,5345,74684,5265
3260,81301,5326,105138,5306
3261,81147,4832,95708,4670
3262,81298,2428,26093,2402
3263,82174,5527,77547,5364
3264,82116,6558,94268,6389
3265,82108,4752,62956,4608
3266,82166,5172,78392,5150
3267,82068,4054,59576,3833
3268,82039,4784,66832,4595
3269,82130,6780,94372,6682
3270,82172,6865,123363,6845
3271,82072,6278,90362,6243
3272,82170,6097,84380,6077
3273,82132,5256,77128,5076
3274,82001,4499,59367,4335
3275,82144,5362,77357,5260
3276,82110,5226,74314,5066
3277,82066,4655,61133,4638
3278,82158,5485,82829,5471
3279,82161,4497,63340,4307
3280,82173,3458,48867,3327
3281,82124,4268,55422,4096
3282,82107,4689,71941,4504
3283,82033,4567,67290,4443
3284,82103,4067,60628,3850
3285,82053,3769,53020,3639
3286,82007,5706,83193,5558
3287,82167,4269,58253,4102
3288,82006,4084,58741,3980
3289,82058,4466,64004,4380
3290,82159,5564,80455,5419
3291,82025,3830,47291,3662
3292,82035,4843,74347,4767
3293,82046,4514,67763,4428
3294,82086,4074,58308,3969
3295,82162,6437,90955,6292
3296,82051,5632,79339,5445
3297,82153,7942,118476,7747
3298,82102,5097,78092,5062
3299,82150,3610,42480,3431
3300,82028,2845,33170,2683
3301,82077,5812,84353,5760
3302,82186,5926,82494,5861
3303,82135,3364,39010,3246
3304,82026,5151,77627,5022
3305,82106,3538,65260,3504
3306,82152,4564,66618,4482
3307,82049,6314,90977,6273
3308,82047,4234,62357,4037
3309,82010,5223,77211,5213
3310,82105,3664,48802,3534
3311,82188,3674,42413,3634
3312,82155,5613,102357,5541
3313,82032,6500,89553,6368
3314,82109,5255,78460,5242
3315,82087,5351,70841,5166
3316,82079,3494,40895,3310
3317,82009,5062,74166,5015
3318,82175,5971,81400,5950
3319,82119,5727,83805,5545
3320,82078,6507,96883,6357
3321,82081,3884,55862,3772
3322,82122,6235,86887,6081
3323,82011,4741,62138,4601
3324,82100,6622,119953,6574
3325,82090,4757,65967,4619
3326,82018,4980,71897,4802
3327,82075,2836,35029,2657
3328,82165,5858,84490,5846
3329,82157,7745,114345,7547
3330,82088,5839,102727,5659
3331,82083,5099,76632,5065
3332,82073,6175,83896,6122
3333,82085,4255,51273,4032
3334,82112,5416,73004,5319
3335,82003,4757,71004,4677
3336,82101,5745,79622,5724
3337,82189,5567,80998,5490
3338,82117,7209,105711,6999
3339,82171,4205,52231,3923
3340,82145,4771,69899,4685
3341,82054,5432,82747,5418
3342,82043,3283,46939,3153
3343,82140,4838,69816,4708
3344,82143,5072,76757,5034
3345,82138,6821,95083,6800
3346,82128,5825,85865,5722
3347,82180,4182,59160,4082
3348,82056,6187,111574,6121
3349,82027,3526,45592,3349
3350,82136,3560,41192,3420
3351,82104,4944,75821,4773
3352,82062,3597,42758,3383
3353,82096,4525,58055,4258
3354,82044,3983,47036,3825
3355,82091,4234,62357,4037
3356,82097,4814,69226,4735
3357,82151,7547,109974,7421
3358,82036,3654,52609,3430
3359,82168,6839,97461,6739
3360,82142,2639,32816,2498
3361,82024,6548,90464,6420
3362,82156,4861,71906,4797
3363,82099,5189,66509,4975
3364,82041,5791,87477,5669
3365,82095,6487,90267,6257
3366,82071,3831,55949,3620
3367,82141,5824,80923,5770
3368,82176,4238,53535,4219
3369,82052,4224,51269,3954
3370,82065,6593,88264,6575
3371,82034,4906,73034,4844
3372,82055,4371,62197,4281
3373,82076,4994,72004,4877
3374,82178,2846,37150,2716
3375,82184,4831,64205,4817
3376,82129,4857,72168,4791
3377,82037,5283,75921,5066
3378,82160,6695,90919,6675
3379,82080,5031,66170,4811
3380,82059,3786,56163,3555
3381,82023,4008,55607,3903
3382,82191,6253,109029,6112
3383,82074,4999,77694,4834
3384,82002,4633,66739,4480
3385,82193,3754,50681,3623
3386,82120,4932,71919,4809
3387,82015,3806,55721,3692
3388,82182,6610,96282,6478
3389,82061,5777,101131,5700
3390,82118,3884,55862,3772
3391,82179,5888,84928,5779
3392,82115,4297,55047,4280
3393,82154,6316,91513,6141
3394,82190,3177,39605,3046
3395,82057,3189,36333,3041
3396,82017,3274,38170,3085
3397,82125,3842,47001,3684
3398,82020,3201,42633,3071
3399,82042,6179,85945,6055
3400,82064,3253,46514,3041
3401,82164,6706,96041,6542
3402,82113,5579,80964,5500
3403,82050,6272,101695,6204
3404,82067,4438,65124,4352
3405,82012,5263,65507,5031
3406,82008,5432,82747,5418
3407,82040,6117,87625,5966
3408,82084,7680,107793,7557
3409,82098,4410,60078,4248
3410,82187,5984,104526,5836
3411,82082,6583,118294,6520
3412,82195,4741,62138,4601
3413,82147,7022,125304,7008
3414,82148,6177,87973,6027
3415,82177,6451,90623,6336
3416,82131,5816,86676,5654
3417,82045,4346,59479,4262
3418,82092,5947,85394,5786
3419,82013,3932,56653,3818
3420,82031,4700,68867,4619
3421,82146,4795,70750,4716
3422,82163,4934,72559,4872
3423,82192,4171,49986,4156
3424,82137,6747,122278,6674
3425,82021,6647,95222,6480
3426,82183,6295,95008,6256
3427,82038,6256,113346,6190
3428,82169,5081,74332,5042
3429,82127,6433,88553,6334
3430,82194,3507,40870,3389
3431,82014,3116,42936,2986
3432,82181,5835,90651,5822
3433,82149,4881,69399,4683
3434,82069,6338,111245,6197
3435,82048,3114,35842,2939
3436,82022,6851,96493,6745
3437,82123,3473,40216,3284
3438,82004,4909,73034,4844
3439,82016,6910,101058,6730
3440,82063,4417,61893,4331
3441,82134,4776,67833,4598
3442,82089,6314,90977,6273
3443,82070,4212,63620,4001
3444,82114,3279,38080,3090
3445,82185,7771,115908,7575
3446,82005,2587,33764,2457
3447,82111,6511,92107,6375
3448,82133,6657,95779,6515
3449,82094,6170,88831,5997
3450,82121,4003,52102,3841
3451,82030,4302,64477,4213
3452,82029,6791,119178,6653
3453,82060,6932,97505,6832
3454,82019,5538,80016,5520
3455,82126,5607,79119,5419
3456,82139,5101,76443,5069
3457,82093,3941,55316,3829
